Home,Location,Area,N(0-4),N(5-10),N(11-15),N(16-24),N(25-34),N(35-49),N(50-64),N(65-74),N(75+)
0,0,2.905399307766,414,601,250,910,1333,1624,1695,839,654
1,1,2.165633766619,636,904,436,765,1057,1476,1036,432,550
2,2,2.143564999322,845,1067,503,1094,1734,2261,1713,662,585
3,3,2.4902154461625,441,534,265,796,930,1113,1145,432,566
4,4,1.1861799271595,934,1189,562,1078,1517,2116,1404,485,397
5,5,1.73391575442,907,1208,562,1097,1407,1925,1455,498,527
6,6,1.4193088127135,1012,1537,635,1300,1653,2680,1892,681,581
7,7,0.965621950798,1064,1469,598,1211,1850,2494,1490,448,352
8,8,1.120326014801,782,1053,520,933,1254,1929,1433,420,382
9,9,1.6021570003815,566,696,330,775,957,1400,1054,399,422
10,10,1.299786890538,813,1221,543,1412,1798,2210,1548,594,549
11,11,1.300097739963,698,1180,501,930,1249,1811,1248,475,330
12,12,1.194288516283,872,1171,503,973,1425,2001,1535,573,429
13,13,1.358869639395,687,960,396,901,1226,1607,1135,401,316
14,14,0.8807616995735,1120,1237,469,910,2244,2264,864,209,96
15,15,0.879263261685,742,907,402,954,1814,2085,1185,393,348
16,16,1.3628751688085,894,1207,548,1123,1443,2019,1262,417,355
17,17,3.046746671719,742,1147,485,1007,1262,1912,1309,471,323
18,18,3.4167983661785,1262,1566,714,1347,2204,2729,1561,494,452
19,19,2.8720265541205,732,1156,492,968,1263,1788,1261,451,378
20,20,0.753371510135,883,1236,538,822,1450,1850,799,214,109
21,21,1.7388729121015,872,1190,468,855,1217,1706,858,224,160
22,22,3.7547022063655,561,818,468,889,1213,2127,2111,1060,973
23,23,2.401892269614,497,679,372,567,1112,1757,1575,714,572
24,24,1.4701820182085,446,550,275,517,760,1213,1230,620,534
25,25,1.676496867295,525,888,511,977,1075,1912,1698,835,635
26,26,1.05311913503,422,563,268,490,851,1415,1188,520,487
27,27,1.686684208128,674,925,466,785,1218,1964,1559,650,482
28,28,14.577404817007,405,727,472,816,762,1568,1927,1004,949
29,29,1.9458945924215,464,556,300,581,958,1510,1332,666,811
30,30,1.404155301647,360,732,402,706,732,1477,1549,721,639
31,31,1.775686891972,507,770,382,788,1122,1869,1596,690,563
32,32,1.547080668992,563,812,389,748,1129,2042,1538,775,625
33,33,1.304202068234,568,729,282,665,1443,1979,1285,731,684
34,34,1.780800262392,883,1114,549,1065,1535,2234,1860,824,705
35,35,4.3303403783575,738,1155,567,910,1183,1896,1568,922,706
36,36,1.7642380856475,641,997,534,997,1593,2601,1905,811,649
37,37,2.125129419734,453,629,351,670,884,1430,1284,580,467
38,38,5.1607010133575,515,820,428,696,1099,1669,1195,681,514
39,39,1.3507076484885,711,980,492,920,1340,1939,1508,682,698
40,40,1.209999021487,721,1096,431,1004,1764,2931,1808,749,799
41,41,1.463913056384,498,884,435,628,834,1883,1245,653,549
42,42,1.116713796149,591,933,428,866,1205,1895,1479,494,348
43,43,1.74590481786,653,1031,494,977,1598,2559,1720,649,461
44,44,0.973088332171,454,563,252,582,1327,1935,1047,444,435
45,45,1.4100261542655,829,1275,598,1233,1839,2712,1800,703,539
46,46,3.104037180459,698,986,472,828,1406,2255,1616,891,744
47,47,0.7802873480315,703,1059,553,1039,1247,2000,1362,430,246
48,48,2.1208730112185,627,994,491,977,1629,2431,1633,769,591
49,49,1.443106901793,508,786,394,876,1362,2008,1410,784,884
50,50,0.9626977763525,584,857,411,776,1922,2535,1502,727,524
51,51,1.556593697256,1176,1391,628,1723,3511,3312,1825,540,458
52,52,1.494024506711,454,555,284,777,1372,1642,1134,504,348
53,53,1.441182575031,721,953,410,1395,2340,2298,1542,662,714
54,54,3.231273846642,510,936,509,729,953,1918,1513,828,796
55,55,1.0953921034265,689,912,383,819,1516,1480,909,453,407
56,56,1.8122150218115,684,1035,510,962,1501,2186,1569,901,834
57,57,2.189469473635,798,944,419,1041,2092,2560,1776,652,560
58,58,1.2357126519065,1004,1571,750,1247,1910,2207,1345,662,804
59,59,1.590792641165,497,679,339,764,1577,2044,1237,597,610
60,60,1.837519233142,366,630,323,793,1136,1482,994,382,227
61,61,1.0341286231795,487,618,351,749,1223,1677,1261,431,402
62,62,0.792418503674,373,567,273,762,1215,1433,966,430,336
63,63,3.208925584451,661,1226,601,1027,1126,2103,1450,393,281
64,64,1.567092430485,705,1159,589,1102,1413,2107,1785,644,429
65,65,2.315088565397,812,1116,496,1040,1793,2257,1567,556,494
66,66,2.2734934756615,752,894,417,881,1319,1825,1214,378,367
67,67,1.4545128626275,483,630,305,673,955,1327,1180,533,568
68,68,1.856084476313,458,622,338,764,1101,1463,1679,800,724
69,69,1.1798086156605,525,707,374,800,1055,1553,1449,616,470
70,70,4.3810110909805,1103,1653,718,1491,2023,2733,1927,558,481
71,71,1.600423262905,575,946,527,1091,1190,2219,2200,1043,983
72,72,1.1266478021085,543,884,458,815,1243,1694,1576,645,548
73,73,1.5325576238165,424,635,326,700,922,1531,1718,1005,884
74,74,1.1118598446435,472,715,392,855,1103,1677,1582,665,666
75,75,1.485072170995,497,624,352,736,1029,1609,1467,779,709
76,76,1.654069197907,531,746,338,711,1266,1781,1481,722,964
77,77,1.686344903692,603,876,435,1008,1473,2033,1930,817,863
78,78,2.209023875616,453,725,347,698,984,1594,1519,791,814
79,79,1.488833810187,595,775,414,937,1201,1899,1767,779,718
80,80,3.7317068005475,732,1118,650,1100,1779,2437,1946,791,718
81,81,2.5909190937145,682,920,442,943,1437,2198,2191,1127,942
82,82,1.625564714134,509,687,378,830,1141,1491,1514,705,636
83,83,1.4888487321855,374,590,340,756,842,1403,1542,755,605
84,84,3.7191463803535,404,612,366,720,917,1617,1600,783,927
85,85,1.999021658179,457,648,313,754,1002,1502,1493,785,729
86,86,1.367775794687,504,656,356,787,806,1544,1564,751,830
87,87,1.8167619073165,529,715,306,1200,1418,1847,1536,814,1050
88,88,2.72943621784,490,727,401,1074,1245,1771,1871,1009,1245
89,89,5.992122500127,472,673,343,704,860,1344,1237,554,507
90,90,1.377180407357,881,1027,467,1050,1769,2233,1855,869,707
91,91,1.1640993007235,652,840,463,1011,1359,1930,1479,686,520
92,92,1.5510917684675,761,874,400,963,1546,1898,1699,803,786
93,93,1.633631836854,542,567,264,618,1007,1362,1269,899,740
94,94,1.8735680107405,649,823,421,982,1268,1823,1639,665,583
95,95,1.830793803045,613,803,420,900,1188,1651,1436,674,524
96,96,1.287576873264,767,845,386,943,1542,1781,1397,511,531
97,97,2.0744073632275,434,523,347,1523,1411,1412,1515,800,615
98,98,1.404690371281,690,968,491,949,1384,1990,1568,688,611
99,99,1.362844671361,560,801,472,919,975,1475,1263,468,371
100,100,1.7627761313585,667,978,480,1039,1307,1756,1579,565,599
101,101,1.109192737233,502,605,286,705,1151,1409,1226,561,634
102,102,1.378660943239,764,927,449,917,1488,2304,1511,631,480
103,103,1.3460810542835,827,1061,483,1152,1739,2219,1750,621,519
104,104,0.950161143963,712,872,414,1335,2362,2638,1742,712,450
105,105,0.806345150807,494,639,348,653,1004,1413,1060,502,358
106,106,1.9329591318135,835,1028,492,2237,2392,2587,1739,654,600
107,107,0.8081921408605,566,605,289,957,1781,1812,1333,633,412
108,108,1.1337432590715,837,1020,480,947,1619,2559,1814,679,561
109,109,1.271029308859,613,887,440,1046,1765,2426,1872,608,560
110,110,1.490501540868,774,1204,656,1321,1156,1714,1739,575,412
111,111,0.608262032215,609,689,349,1308,2360,2236,1376,539,422
112,112,0.853501129935,483,535,234,857,2148,1986,1340,531,459
113,113,1.098282681854,729,879,423,1100,1804,2125,1390,400,290
114,114,0.894275520438,1071,1404,730,1512,1785,2594,2268,662,667
115,115,1.2282886428685,662,964,479,1108,1647,2252,1869,589,497
116,116,2.571815799395,814,1081,552,1148,1254,1651,1417,437,402
117,117,0.506258032156,592,688,244,743,2126,2308,1349,519,407
118,118,1.3933826234755,839,979,492,1109,1777,2450,1628,700,507
119,119,1.1951475794105,448,690,342,767,1156,1641,1432,597,528
120,120,1.027119770921,1230,1534,794,1760,2404,3801,2741,702,546
121,121,1.1047656941215,793,784,394,848,1972,2459,1570,609,429
122,122,0.7646009362175,762,841,364,869,1825,2469,1820,647,584
123,123,0.4400605879935,718,811,409,833,1253,1620,1294,428,346
124,124,2.22239084765,676,978,505,817,1271,1999,1476,615,536
125,125,2.537591313317,505,696,324,633,874,1664,1357,666,601
126,126,1.4854499750075,651,706,307,660,1161,2121,1455,634,391
127,127,1.763469113604,785,694,321,701,2357,3046,1312,445,227
128,128,1.7399168016885,748,648,275,577,1933,2558,1453,736,640
129,129,5.960613058406,552,883,498,679,994,2283,2034,905,1140
130,130,1.9183648819085,870,996,378,780,2103,2827,1824,788,654
131,131,1.1513925890665,683,911,481,1093,1734,2385,1696,514,406
132,132,4.563047413957,294,495,230,568,528,1018,1064,560,631
133,133,1.8600246140075,499,671,281,537,1136,1894,1391,752,811
134,134,2.098443640268,443,491,201,426,1203,1823,1577,845,1041
135,135,1.5319282593925,582,690,260,470,1156,1974,1365,471,400
136,136,1.8858400865945,621,995,520,953,1110,1625,1365,558,471
137,137,0.9373060404715,515,610,272,570,1054,1907,1247,443,361
138,138,1.782951001513,545,847,378,659,979,1979,1460,793,655
139,139,1.990499200924,621,849,343,666,1625,2319,1526,704,616
140,140,11.279787348409,771,1054,472,912,1222,1768,1340,622,453
141,141,1.7969873901625,696,762,380,651,1301,2257,1534,638,711
142,142,2.2476973180845,393,760,434,722,676,1499,1692,857,749
143,143,2.8311091709825,378,577,317,563,524,1305,1285,708,658
144,144,1.8784857578145,540,734,369,715,1010,1573,1498,628,539
145,145,3.0654134817755,426,809,460,835,797,1712,1768,708,623
146,146,2.112531256713,470,692,305,488,569,1646,1423,842,748
147,147,2.57247532541,616,813,417,708,918,1637,1319,543,464
148,148,2.2405254875015,381,764,440,720,501,1598,1582,817,616
149,149,2.0847062149045,550,669,348,656,1041,1629,1582,780,727
150,150,1.8195032099435,321,502,258,560,683,1206,1407,779,822
151,151,3.847341678761,560,1055,594,1076,945,2169,2475,1278,1357
152,152,2.439141259184,369,752,441,669,556,1629,1530,855,951
153,153,2.16198248438,538,750,426,596,741,1417,1366,737,765
154,154,5.8808792741295,302,524,364,607,555,1217,1411,788,758
155,155,8.468894603868,336,685,443,762,614,1473,1683,821,726
156,156,1.7262255608125,518,853,415,610,767,1978,1551,831,746
157,157,12.752835742863,307,611,333,550,514,1303,1265,736,931
158,158,11.3000759724835,391,669,377,548,638,1456,1580,842,779
159,159,5.6581343975785,382,614,335,624,736,1336,1403,726,385
160,160,3.016530472791,425,836,468,735,1285,1794,1825,963,749
161,161,2.0808063341795,524,978,405,557,1319,2273,1603,876,890
162,162,0.6823097926005,489,762,370,737,2069,2179,1618,757,508
163,163,1.125004237778,612,982,553,943,1119,2137,1389,717,736
164,164,0.7765229624255,532,838,390,804,2317,2305,1346,626,520
165,165,0.5163255431005,588,833,372,710,1846,2304,1506,744,549
166,166,0.667377686049,771,1132,605,1520,2551,2411,1798,681,618
167,167,0.7792924927655,674,916,335,685,2086,2773,1190,623,599
168,168,0.541684496175,459,811,432,1524,2385,1916,1624,657,415
169,169,0.691562533033,554,676,334,1031,3547,2739,1265,670,410
170,170,0.3971738962225,521,558,227,377,1511,2249,1137,594,469
171,171,0.525260367471,531,950,511,1284,2162,2210,1433,688,682
172,172,0.5606325268925,647,765,332,963,2872,2480,1376,620,356
173,173,0.3838450581295,527,774,333,555,1360,1824,1142,566,485
174,174,0.485620805226,455,724,390,1748,2414,1818,1310,542,350
175,175,0.5397786051275,705,649,300,635,2414,2333,1158,497,437
176,176,0.8018306336105,630,812,356,760,1726,2035,1208,555,582
177,177,0.769139838886,447,737,345,603,1568,1986,1552,791,571
178,178,0.6660962968665,469,703,409,2024,2534,1986,1305,462,345
179,179,0.472795128368,549,948,497,887,1962,2218,1547,745,589
180,180,1.0015970571775,294,527,239,1268,2155,1642,1189,447,407
181,181,0.96429792623,614,1123,607,2087,2238,1989,1380,544,496
182,182,0.507415376965,469,789,453,2189,1553,1493,1108,417,400
183,183,0.2949512563445,386,614,258,1477,1594,1329,812,327,274
184,184,0.3737342175595,323,510,211,2396,1709,1408,1055,516,400
185,185,0.6462021056575,196,349,129,3171,1852,1382,946,386,279
186,186,0.4325176047875,412,623,320,1046,1978,1908,1523,571,391
187,187,1.086528780273,208,408,179,1564,1932,1931,1337,633,390
188,188,1.3983213463905,653,789,395,731,1652,2516,1598,547,466
189,189,1.9334752456385,640,845,445,916,1317,2143,2003,800,662
190,190,1.216502825583,608,665,353,856,1266,1626,1535,595,527
191,191,0.9962395359235,638,1003,472,861,1469,2138,1676,673,600
192,192,0.8888445024945,692,1028,469,926,1163,1969,1608,445,384
193,193,0.8654957518075,561,842,500,879,1018,1871,1831,511,344
194,194,1.249156295301,626,842,371,739,1332,2229,1644,525,481
195,195,0.8606057979345,896,1046,477,866,1616,1997,1528,434,332
196,196,0.735558895491,578,803,440,824,1163,1757,1723,589,549
197,197,0.774426641472,655,765,415,773,1132,1777,1446,518,401
198,198,1.0849327214135,698,1028,479,1047,1337,1974,1797,626,569
199,199,1.466520079997,837,1125,542,959,1562,2332,1754,486,543
200,200,1.2394357204765,614,960,519,1001,1377,1981,1801,484,356
201,201,0.8747658746215,1079,1227,612,1221,1691,2596,1583,428,398
202,202,0.999434171702,633,1036,557,964,1279,1962,1579,465,299
203,203,0.7748060453955,648,831,401,796,1257,2020,1667,472,362
204,204,1.672979138628,412,593,365,709,892,1504,1791,962,808
205,205,1.2440124786875,742,1218,562,987,1320,2191,1545,377,307
206,206,1.030492144636,1111,1281,460,1158,2121,2546,1629,465,288
207,207,1.039402529168,319,544,304,573,702,1215,1443,597,498
208,208,0.9819577720255,869,892,411,960,2420,2657,1781,646,618
209,209,2.1876457120105,500,634,239,453,1077,1560,1028,653,745
210,210,1.4284868591795,1138,1265,539,1194,2524,2951,1672,489,357
211,211,1.144344762444,422,809,456,769,706,1220,1346,578,426
212,212,5.7243909329365,277,484,358,706,652,1190,1819,1016,978
213,213,1.492228378665,1032,1068,387,1047,3468,3087,1521,554,506
214,214,2.8134208289925,780,1223,673,1208,1495,2320,1861,613,596
215,215,1.8526311120855,654,740,291,613,1506,2012,1428,565,458
216,216,0.9605263051205,743,1344,736,1091,1025,1571,1275,375,417
217,217,1.2814125916475,668,758,322,639,1437,1914,1296,551,378
218,218,1.6363139769245,469,878,486,852,874,1439,1536,571,448
219,219,3.2741656252395,326,533,331,807,706,1299,1778,908,777
220,220,4.5982106312555,786,990,517,1024,1510,2191,2398,1172,834
221,221,3.1472406937625,414,693,337,599,642,1503,1653,973,899
222,222,1.321054560756,510,869,436,695,803,1275,1280,441,432
223,223,2.6061850294635,706,837,473,883,1449,2196,2091,969,867
224,224,3.35881536985,337,579,398,733,703,1340,1853,883,748
225,225,4.3571559553265,340,523,321,613,520,1234,1275,771,654
226,226,1.596769965478,528,642,304,541,910,1420,1147,496,485
227,227,3.1182743398015,588,849,426,781,1001,1951,1689,816,594
228,228,5.3813020539905,432,605,314,667,713,1479,1535,735,566
229,229,3.579098513213,573,795,376,668,839,1708,1641,840,519
230,230,4.948438775211,451,666,312,603,664,1404,1687,970,874
231,231,1.519418648527,674,935,519,916,1404,2076,1553,657,447
232,232,2.3582235976555,517,783,380,787,1461,1755,1591,693,635
233,233,1.735721236721,752,1211,554,989,1437,2181,1626,622,525
234,234,1.3077046099955,497,614,313,651,1022,1410,1159,460,389
235,235,0.886558945635,439,662,300,763,1054,1468,1160,472,364
236,236,2.8451999217445,590,805,372,754,1331,1797,1433,598,574
237,237,1.7962503738375,494,707,324,611,1160,1816,1154,637,398
238,238,1.6519710408365,822,1047,453,728,1211,1762,1380,440,384
239,239,2.050682224416,735,1027,522,990,1068,1636,1509,509,462
240,240,1.3969666396475,906,1205,573,908,1412,2363,1532,663,689
241,241,1.7249470896665,566,650,268,698,1350,1881,1149,513,407
242,242,1.276227359715,503,730,359,764,1032,1527,1241,519,609
243,243,0.9992792168275,411,627,307,473,614,1366,1185,667,480
244,244,0.9434135545355,442,757,370,696,982,1544,1455,550,486
245,245,3.2062177550365,672,879,338,2151,2569,2301,1322,508,415
246,246,1.15393615644,621,1049,574,890,1077,1967,1565,686,649
247,247,1.0444808333325,516,788,412,761,1173,1747,1593,673,528
248,248,1.548050881131,638,924,435,863,1146,1928,1681,755,686
249,249,1.093593152335,576,621,306,724,1615,2090,1446,564,512
250,250,2.180458812798,912,1027,496,1333,2850,3576,2107,883,916
251,251,1.0300339907075,422,674,282,801,1127,1697,1004,436,348
252,252,1.273169930834,418,634,324,535,659,1414,1130,454,319
253,253,1.0863294158215,698,916,458,767,1241,2075,1601,701,649
254,254,1.30017719998,730,1075,508,1433,2410,2609,1611,659,512
255,255,0.714394391896,589,795,325,828,1602,2133,1482,485,449
256,256,1.237062260929,793,1236,633,1081,1530,2766,2045,801,717
257,257,1.424941304835,444,582,271,876,1584,1932,1347,637,545
258,258,1.0129578040775,886,982,410,859,1797,2686,1605,656,534
259,259,3.8790688298635,776,1171,620,1317,1581,2487,1980,655,589
260,260,0.7558800193765,566,811,304,542,956,1907,1244,443,344
261,261,1.3300731907165,476,634,322,928,1444,2038,1606,763,509
262,262,0.8862803574765,566,769,295,681,1150,1933,1450,561,412
263,263,0.7975411336505,683,816,355,737,1235,1781,1169,422,381
264,264,0.749050545084,497,608,281,531,924,1670,1321,541,337
265,265,1.1996953545525,426,580,273,523,704,1496,1244,553,499
266,266,1.433011258452,1154,1571,772,1345,1962,3308,2370,828,516
267,267,1.1721034387475,518,728,344,627,1064,1523,1351,600,523
268,268,0.837214601444,496,636,236,482,1065,1725,987,411,319
269,269,1.052337591109,517,825,447,928,1128,1455,1342,461,468
270,270,1.312430614021,770,1237,631,1159,1456,1880,1543,510,552
271,271,2.6232564371865,1107,1659,798,1581,2074,2757,2036,568,355
272,272,15.561696224812,565,884,381,701,1068,1785,1602,801,655
273,273,1.888744760506,802,1078,464,879,1333,2001,1543,594,524
274,274,1.267190320622,921,1306,648,1181,1430,2051,1547,498,371
275,275,1.1420899528135,621,988,556,1120,1219,1762,1548,509,429
276,276,1.2851898249115,596,860,388,651,1277,1993,1537,663,601
277,277,0.9900102636715,355,555,306,584,710,1243,1435,628,545
278,278,2.0544499036875,512,604,250,553,1286,1814,1616,877,914
279,279,8.876801466273,393,593,320,648,899,1328,1363,801,735
280,280,2.1141238420035,930,1292,704,1308,1616,2412,1827,608,535
281,281,3.3983098911405,297,575,359,610,610,1216,1392,716,749
282,282,4.8776522086775,646,925,436,762,1042,1457,968,354,278
283,283,1.165473117543,866,891,382,836,1856,2256,1609,679,774
284,284,1.8688968328155,696,1018,526,1058,1433,2060,1738,635,568
285,285,2.1476028220405,354,564,310,520,676,1242,1360,711,664
286,286,1.957266485686,610,1063,583,1150,1232,1855,1665,640,531
287,287,1.614840193856,637,918,467,751,1208,2003,1531,622,812
288,288,1.799149763791,698,862,423,1063,1737,2431,1587,722,828
289,289,1.6197724794,559,745,402,842,1258,1923,1928,1004,863
290,290,1.9938015849425,489,692,326,651,969,1711,1680,766,695
291,291,0.877343711798,797,1236,598,1124,1519,1991,1700,526,463
292,292,0.784018806702,722,1019,472,1015,1354,1900,1549,482,431
293,293,2.730197234376,909,1376,693,1265,1683,2272,1686,556,483
294,294,1.5833353016865,647,814,364,750,1181,1863,1585,719,597
295,295,1.248013475063,687,1008,589,1190,1360,1816,1504,507,402
296,296,1.731300505195,431,715,359,661,1069,1635,1708,817,730
297,297,0.965416357232,576,611,307,747,1660,2173,1609,646,523
298,298,2.0953863370995,796,1065,568,1020,1439,1929,1416,473,409
299,299,1.1052171597765,682,1039,542,1110,1613,1997,1819,700,552
300,300,1.1414698677525,569,729,332,807,1530,1974,1310,569,491
301,301,1.6284515656945,1007,1548,735,1429,1937,2709,1918,535,421
302,302,1.42091145627,704,981,480,1070,2083,2246,1760,804,587
303,303,1.301853545023,729,827,347,1062,2535,2792,1861,701,647
304,304,0.7315749181195,527,926,452,801,1014,1860,1345,383,166
305,305,3.184693506533,1230,1991,891,1877,2811,4390,2211,390,196
306,306,1.19399016836,783,1269,613,1007,1345,2096,1607,469,431
307,307,1.889810670843,1076,1130,472,1355,4025,3992,1601,489,284
308,308,0.652083211055,808,1075,479,922,1267,2018,1283,386,279
309,309,1.109022348228,825,1024,476,978,1886,2454,1682,639,443
310,310,0.9215791137875,975,1235,473,1066,2476,3117,1596,521,333
311,311,1.4619137602945,648,780,340,778,1054,1689,1275,422,253
312,312,0.626641220513,677,816,398,796,1260,1777,1252,395,280
313,313,0.761743490546,996,1272,551,1122,2206,2695,1554,478,370
314,314,1.308340178812,592,877,452,796,1287,1773,1247,488,417
315,315,0.729700993837,581,780,285,680,1222,1981,1119,432,309
316,316,1.8524490451565,655,796,396,890,1425,1473,1033,264,149
317,317,0.871573056251,439,546,257,516,1225,1686,1077,561,478
318,318,1.7561428739695,432,545,277,579,883,1427,1271,461,379
319,319,0.99183693797,587,732,387,888,1454,2002,1248,455,413
320,320,2.0297332667275,508,711,328,696,1026,1927,1431,632,401
321,321,1.261604137479,397,550,189,465,1270,1600,955,547,520
322,322,1.3824830113845,427,578,328,618,908,1590,1230,485,389
323,323,1.3061676296325,516,626,247,551,785,1616,1353,606,510
324,324,1.3929935056815,576,817,407,835,1076,1876,1548,622,503
325,325,1.249654595879,359,542,293,557,673,1431,1235,646,524
326,326,3.267246783562,401,469,226,580,974,1392,1122,645,652
327,327,1.786516307309,559,921,490,761,1215,1776,1391,579,417
328,328,1.356039326126,399,550,285,1288,785,1179,908,397,362
329,329,1.253358267749,466,661,347,698,855,1402,1310,594,508
330,330,1.296833189345,443,538,262,607,889,1356,1207,652,539
331,331,0.613114525279,1204,1632,699,1153,1308,1733,920,441,255
332,332,0.582249319966,692,696,283,815,1655,1686,1099,369,277
333,333,0.6882791129685,1061,1211,586,971,1324,1636,1041,407,280
334,334,0.552580292565,1214,1351,616,888,1331,1607,1106,344,263
335,335,0.5687337786375,841,871,456,880,2420,2393,1193,388,227
336,336,0.5231378417015,493,513,271,906,3185,2269,1087,349,262
337,337,0.760492580836,565,703,347,546,1388,1764,1020,376,314
338,338,0.56536089112,506,572,258,626,1956,2112,1154,393,320
339,339,0.7885860079325,742,853,411,894,2641,2555,1389,467,377
340,340,0.6533133766125,543,657,348,698,2237,2343,1295,416,411
341,341,0.405171943153,419,554,286,500,1777,2028,1082,323,197
342,342,1.516291175337,488,811,424,702,972,1280,1022,430,282
343,343,0.609407019176,642,743,408,936,3243,3137,1477,493,397
344,344,0.4398066842525,488,537,274,588,1464,1699,916,289,246
345,345,0.5480396861175,793,1185,626,1043,2498,2831,1730,523,424
346,346,0.5936689538815,430,604,302,722,2764,2178,1071,332,239
347,347,1.295374305176,472,562,359,706,1746,1814,980,303,219
348,348,0.5982426123775,854,1400,731,1123,2146,2771,1682,544,394
349,349,0.6653345463105,570,673,345,746,2790,2460,1379,572,412
350,350,0.9693400087305,781,772,344,1051,5253,3931,1663,654,468
351,351,0.6402327925125,586,846,386,878,1762,2219,1417,466,397
352,352,0.741106900392,648,858,395,843,3275,3253,1378,363,174
353,353,0.635951294274,683,814,457,938,2635,2475,1403,476,369
354,354,0.649303008467,839,1110,545,1197,3976,3774,1576,546,344
355,355,0.4877663525585,591,763,363,980,2656,2379,1304,349,226
356,356,0.996679219074,518,732,421,3489,5365,3171,1266,360,297
357,357,3.4428747662935,531,829,397,1347,1845,2112,1465,491,378
358,358,0.4093204970005,463,806,418,781,999,1325,1045,315,247
359,359,0.496665778022,409,621,292,740,1271,1408,1004,388,337
360,360,0.7474953801945,454,574,265,627,1437,1567,1043,390,287
361,361,0.4102933070795,385,456,188,630,1707,1633,998,303,257
362,362,0.4404721051685,528,643,248,879,1619,1823,1261,480,349
363,363,0.2938256777905,399,428,167,529,1526,1580,948,354,266
364,364,0.678890649549,504,710,297,611,1329,1815,1182,538,473
365,365,0.3521019233295,404,560,184,605,867,1349,952,345,276
366,366,0.548685735814,478,749,304,844,1368,1914,1167,456,285
367,367,0.6244269606035,333,481,214,470,1170,1424,966,345,210
368,368,0.601784680386,361,416,180,1148,2099,1915,1281,617,492
369,369,0.7770156004465,405,480,254,795,1368,1645,1125,457,439
370,370,0.4018620868925,206,250,111,758,1808,1469,677,274,164
371,371,0.4428863956445,415,624,293,1101,1606,1693,1229,431,303
372,372,0.4073803216665,287,367,177,849,1284,1345,850,313,238
373,373,0.5328932233145,469,624,227,857,2046,1963,1143,500,438
374,374,0.6301629234685,448,650,286,1056,1427,1820,1268,535,502
375,375,0.346063072125,411,468,202,745,1346,1495,826,334,235
376,376,0.667745341001,492,705,277,715,1393,1874,1273,497,362
377,377,0.554112966791,582,802,369,983,2063,2176,1257,470,343
378,378,0.355927413145,415,470,171,521,1187,1491,757,311,270
379,379,0.6508248926465,593,773,318,924,1961,2064,1257,502,334
380,380,0.9537295693905,373,454,195,604,1136,1282,915,485,419
381,381,0.622411000026,438,809,294,623,1129,1561,1126,439,276
382,382,0.568402201676,588,682,352,795,1629,2270,1422,421,328
383,383,1.189000634276,670,860,498,913,1114,1733,1364,378,275
384,384,1.3370794878215,536,738,391,861,1292,2037,1305,520,387
385,385,0.744507369156,411,662,462,910,790,1498,1272,360,277
386,386,0.951959193029,509,643,392,826,986,1502,1244,323,271
387,387,0.842897430239,554,541,293,749,1861,2300,1135,370,312
388,388,0.64315092755,530,665,355,850,1554,1915,1122,440,349
389,389,1.7787263046345,420,717,338,505,708,1699,1210,527,294
390,390,0.4583866869415,405,599,332,756,1494,1745,1159,370,280
391,391,0.518851889463,537,707,380,874,1199,1963,1241,349,352
392,392,0.517109116606,576,815,436,1434,1190,1853,1333,404,319
393,393,0.6929232616965,417,583,322,771,1077,1324,1094,441,306
394,394,0.7575982894965,426,602,354,613,896,1699,1211,511,316
395,395,1.3858664379305,692,880,494,1949,2105,2328,1406,427,300
396,396,0.774712374584,493,530,295,889,1801,1964,1076,373,335
397,397,1.2240750332305,504,793,436,739,867,1854,1351,532,464
398,398,0.412619778183,448,628,312,694,1335,1861,1140,366,266
399,399,0.7019013843025,435,538,238,717,1569,1895,973,444,341
400,400,0.6245236579645,579,633,313,703,1561,2062,1286,480,317
401,401,1.0594393390745,347,552,290,484,979,1623,1140,604,475
402,402,0.7164669865245,374,487,214,362,587,1317,1128,538,351
403,403,0.6418591308245,621,569,276,915,2307,2354,1101,387,333
404,404,0.589380586235,622,626,298,802,1555,2173,1275,515,284
405,405,0.77822719974,497,694,418,1024,1678,1961,1221,366,325
406,406,0.541355014738,553,738,380,903,1570,2176,1276,405,368
407,407,0.552796530279,439,419,184,769,2120,1886,948,315,269
408,408,0.6665711631545,481,494,267,640,1287,1769,1217,417,227
409,409,0.5463538076425,875,1406,689,930,990,1487,852,331,219
410,410,2.2236385636555,358,457,288,480,873,1421,1077,608,518
411,411,1.08046571571,388,416,180,661,1860,1915,945,315,212
412,412,0.595621083143,561,656,344,1038,1846,1850,1200,321,290
413,413,0.9762392669795,504,591,265,405,1116,1869,1265,574,386
414,414,0.6597064773115,420,466,195,420,1708,1977,1225,475,256
415,415,0.6113469265945,410,420,239,502,1335,1599,859,429,353
416,416,0.532641267905,393,340,195,472,1674,1684,926,381,201
417,417,6.312583753359,511,615,321,623,995,1494,1371,935,1303
418,418,1.9653637731665,661,798,413,856,1419,2022,1631,896,818
419,419,1.80048328528,487,680,355,761,998,1568,1337,783,778
420,420,4.726760766984,265,381,218,440,483,991,1241,795,682
421,421,1.4035259154585,547,783,427,774,1095,1575,1639,816,810
422,422,1.75214966178,471,672,376,715,975,1531,1476,735,809
423,423,1.065510504894,767,840,439,867,1485,1888,1537,598,550
424,424,1.4984276761195,646,846,462,1013,1213,1920,1864,824,671
425,425,2.329190702688,487,606,301,576,795,1516,1348,752,653
426,426,1.142313274712,736,816,435,978,1611,1861,1561,590,411
427,427,0.9766429886665,832,1138,518,1059,1678,2107,1612,622,589
428,428,1.0984042961955,668,887,421,851,1262,1863,1508,741,568
429,429,1.2490376137585,934,1083,542,1073,1913,2362,1769,689,637
430,430,2.1243807839985,496,651,336,675,858,1477,1381,709,491
431,431,1.7247620960355,397,637,359,518,753,1461,1359,758,696
432,432,0.922505168359,497,717,375,903,1333,1743,1496,606,531
433,433,1.592923021302,410,538,296,608,812,1350,1318,687,553
434,434,1.12602226089,720,857,344,547,1820,2191,1182,455,370
435,435,1.032752902036,641,740,365,741,1335,1903,1374,576,447
436,436,1.563293753457,437,797,348,582,605,1523,1366,714,633
437,437,1.2236976528805,794,801,294,897,1990,2299,1204,556,575
438,438,0.931698031526,528,637,326,748,1055,1598,1275,555,475
439,439,1.1670432497115,414,564,300,574,818,1431,1252,638,547
440,440,1.1871810075135,720,926,431,955,1507,2001,1510,612,468
441,441,0.8661454741665,542,725,372,755,1020,1483,1116,415,287
442,442,2.667923069075,504,505,507,1221,1136,1633,1036,450,401
443,443,1.0020271722005,444,609,359,651,999,1504,1229,465,463
444,444,0.9239902280735,545,881,497,947,975,1772,1641,578,415
445,445,5.8618559075375,515,820,415,854,1062,1509,1250,626,589
446,446,2.7947405692115,811,1059,460,918,1469,2011,1514,614,419
447,447,6.276761376189,651,848,443,977,1237,1609,1577,801,687
448,448,1.356512374957,987,1334,687,1292,1701,2286,1726,655,480
449,449,4.0930883348745,602,753,399,844,1065,1614,1515,768,708
450,450,1.723480860669,545,778,422,689,1025,1451,1205,584,536
451,451,6.7674531049545,610,656,311,779,1485,1801,1640,911,863
452,452,2.138505838728,386,538,333,701,696,1294,1638,1014,908
453,453,1.5344313726295,609,836,386,828,1151,1866,1717,965,773
454,454,2.8680587003765,698,916,459,1044,1462,2053,1879,927,876
455,455,2.205335797636,707,849,422,880,1380,1822,1540,721,751
456,456,2.793116605097,546,747,376,851,1447,1926,1842,1050,1061
457,457,1.5682378554695,807,876,347,996,2317,2158,1365,621,663
458,458,1.7484776246475,557,757,439,913,1217,1927,1820,996,854
459,459,2.486464734621,237,361,234,602,538,920,1304,833,763
460,460,1.3694365297805,740,852,399,905,1829,1978,1565,602,504
461,461,3.379807294245,1125,1250,563,1310,2354,2597,1932,753,741
462,462,12.2508556522005,453,607,341,800,854,1414,1550,821,1135
463,463,2.8215123698325,299,524,329,588,525,1297,1288,743,855
464,464,1.6029753937915,477,530,271,722,1169,1397,1580,842,921
465,465,1.8568213208465,423,600,358,914,1051,1481,1921,815,719
466,466,2.09739779879,544,699,382,824,1177,1763,1661,738,772
467,467,1.2689438725215,409,480,270,733,940,1369,1644,791,848
468,468,12.878085454344,288,600,377,745,505,1421,1742,1080,924
469,469,1.831583734403,376,518,271,701,806,1278,1642,935,693
470,470,2.5981717190545,652,801,362,825,1174,1662,1631,724,716
471,471,2.0504250678675,532,702,354,800,1058,1434,1474,762,834
472,472,4.804366856073,721,1009,527,1041,1363,1963,1721,721,698
473,473,14.050752190936,335,506,279,646,779,1065,1379,722,736
474,474,1.291975243393,563,719,335,722,1027,1346,1190,426,445
475,475,6.2150210647925,401,597,295,481,690,1495,1624,876,870
476,476,2.7223364946105,701,899,363,775,1423,2260,1647,923,945
477,477,15.2216794188265,458,604,365,572,920,1410,1497,734,659
478,478,2.7065477747445,604,818,371,770,1105,1907,1768,730,785
479,479,3.1440038119945,324,521,240,470,652,1196,1209,717,527
480,480,1.6136782936685,381,629,318,638,744,1409,1589,741,831
481,481,2.886697869013,445,584,313,657,994,1541,1647,845,868
482,482,1.4346877994875,550,731,329,636,932,1788,1568,806,671
483,483,4.16662455805,674,771,324,642,1242,1904,1293,592,720
484,484,1.3812144250275,626,757,404,782,1359,1943,1653,635,542
485,485,3.072128128315,421,673,330,584,657,1523,1451,724,765
486,486,5.471933971785,364,571,379,705,716,1509,1648,862,771
487,487,2.6875841440725,595,846,400,788,1116,1722,1346,577,475
488,488,2.749059114738,720,693,360,3283,2012,2049,1131,517,450
489,489,2.021253820876,607,694,336,3997,2296,1738,1136,484,351
490,490,2.1360252964605,549,797,397,1116,1181,1757,1544,703,642
491,491,2.3898499238525,612,949,530,1152,1312,1910,1794,610,645
492,492,1.407189274979,638,884,411,1044,1336,1730,1361,523,489
493,493,1.4662145130675,890,1291,596,924,1580,2138,1387,437,339
494,494,1.197252593052,819,1122,575,955,1580,2436,1669,554,517
495,495,3.147964407373,997,1103,412,1533,2238,2421,1730,631,492
496,496,1.6566385682685,767,1005,430,788,1430,2115,1449,461,318
497,497,1.555374262309,851,1208,564,1018,1460,2119,1470,607,362
498,498,2.523114984707,549,863,482,918,1406,1792,1436,599,427
499,499,1.812882873343,666,962,472,1004,1337,1924,1423,529,494
500,500,4.3597339936005,1144,1488,710,1360,2183,3044,2019,670,567
501,501,2.455550605198,1119,1557,654,1270,2281,2995,1706,550,422
502,502,1.566458193686,846,978,469,844,1640,1985,1357,552,506
503,503,1.6557844164395,963,1195,524,1107,2133,2611,1594,566,424
504,504,20.508068550523,559,718,249,628,1570,1860,1300,431,419
505,505,4.0674965731045,836,1120,486,780,1741,2430,1488,524,393
506,506,0.9217215617205,465,665,343,681,1267,1938,1504,650,455
507,507,2.325913881407,878,1135,434,1010,2142,2869,1822,816,509
508,508,1.184878125075,763,887,390,828,1356,1774,1368,575,451
509,509,2.7188828228755,565,900,423,783,920,1427,1118,414,300
510,510,2.549300820782,664,751,320,1392,1588,2272,1607,658,572
511,511,2.280797022697,450,789,396,791,1103,1847,1757,790,523
512,512,1.063320853856,479,751,307,692,1105,2003,1420,704,440
513,513,4.8626434919295,515,677,309,715,1303,1841,1214,526,430
514,514,1.5515025820425,561,762,375,859,1426,1923,1582,676,534
515,515,1.601052708637,577,802,415,892,1510,1952,1473,627,492
516,516,1.889680572002,557,664,352,663,1591,2111,1300,637,531
517,517,2.348547084557,710,843,435,951,1584,2092,1411,580,419
518,518,1.643946765639,859,1058,453,877,1591,2812,1557,591,483
519,519,1.258643932173,870,1018,376,903,1908,2538,1537,645,539
520,520,1.047296428314,637,891,437,832,1565,2119,1532,554,489
521,521,1.046889219132,933,1154,487,867,2066,2703,1460,679,564
522,522,1.143178627877,1169,1366,515,981,2694,3415,1612,613,443
523,523,1.385392546672,445,637,350,803,1069,1717,1494,628,507
524,524,1.319702820281,664,861,405,776,1156,1878,1394,599,423
525,525,2.470149470326,695,929,465,925,1460,2258,1375,621,380
526,526,3.2618093093465,657,961,419,928,1384,2078,1668,685,561
527,527,3.53333653919,791,1090,455,1008,1509,1944,1507,573,502
528,528,2.457357348752,791,1059,526,1122,1564,2352,1974,750,682
529,529,0.939806644507,898,1291,543,1008,1639,2593,1542,521,342
530,530,2.127353958885,664,1021,423,978,1280,1855,1393,553,371
531,531,3.0584978434265,738,895,362,1169,1296,2093,1274,430,304
532,532,2.5344539144015,568,714,308,637,1015,1450,1132,530,389
533,533,0.635502639346,621,919,423,1106,2132,2126,1507,551,342
534,534,0.597329689063,520,858,374,1272,2067,2075,1450,562,445
535,535,0.65210399904,658,713,323,1523,2990,2373,1580,528,381
536,536,0.7098927317805,448,666,267,969,2012,1890,1338,530,480
537,537,0.4781130937125,718,948,488,1415,2274,1829,1322,497,400
538,538,0.5797312689985,650,825,341,1037,2963,2346,1273,494,280
539,539,0.501963331012,473,464,209,1517,2678,1749,999,339,308
540,540,0.617305414367,434,646,323,1092,1905,1759,1251,571,314
541,541,0.6453019747455,507,660,364,895,2004,1993,1228,519,395
542,542,0.5735460830935,440,624,336,1347,1948,1711,1169,414,364
543,543,0.810657934526,677,784,372,2050,4557,2808,1385,438,341
544,544,0.5103895154105,526,744,407,1153,2325,1779,1197,360,289
545,545,0.7018089213535,458,631,335,854,2601,1992,1352,539,338
546,546,0.6622085085315,656,820,336,985,3288,2551,1573,550,426
547,547,0.9063473403065,538,778,412,3123,3101,2230,1381,517,460
548,548,0.699338098945,649,792,380,1088,2717,2458,1562,611,540
549,549,0.5996029304715,564,576,281,970,2726,2155,1464,563,360
550,550,0.5026556254015,514,567,344,993,2347,1936,1321,505,384
551,551,0.463703482289,497,799,379,1834,1978,1534,1088,472,404
552,552,0.7214462256365,491,554,244,1255,2894,2249,1452,544,405
553,553,0.6075744259855,371,530,200,1802,2389,1967,1282,411,353
554,554,0.929760530095,565,631,260,4215,3808,2741,1632,491,362
555,555,0.7559584966235,714,876,391,2240,2917,2092,1363,451,448
556,556,0.8748693552725,321,563,377,694,984,1505,1341,472,434
557,557,0.509634503721,328,534,327,589,718,1178,1198,430,488
558,558,0.613713382774,505,707,373,619,1192,1946,1574,721,437
559,559,0.3961911920945,426,509,286,620,1480,1926,1614,654,420
560,560,0.432589705329,320,599,325,653,787,1377,1262,676,559
561,561,0.486588857189,373,483,243,577,1376,1863,1160,564,564
562,562,0.574400302399,387,576,251,472,1100,1672,1357,638,440
563,563,0.9152178551435,545,761,298,532,1121,2009,1388,745,575
564,564,0.9079920578705,418,655,319,622,1119,2061,1469,704,588
565,565,0.5208565825115,350,614,281,1002,1140,1961,1288,590,369
566,566,0.5221029868295,466,608,306,647,986,1822,1314,681,534
567,567,0.766246501796,349,494,210,674,1305,1864,1551,730,613
568,568,0.374340540019,418,522,267,1399,1732,2184,1186,513,393
569,569,0.4602747740375,308,390,195,655,1095,1397,1416,707,635
570,570,0.357875132237,314,387,223,787,1315,1751,1082,595,301
571,571,0.5679928858475,378,588,196,603,1281,1761,1084,530,423
572,572,0.4966500887645,452,537,248,1003,1444,2109,1199,628,400
573,573,0.775777414839,287,573,230,434,934,1736,1696,913,910
574,574,0.6346898330725,389,571,252,686,1122,1717,1326,779,596
575,575,0.548488610484,370,626,268,734,1393,1847,1326,614,457
576,576,0.396428650741,421,558,296,588,1104,1640,1354,685,523
577,577,1.3283622064165,464,985,511,612,671,1999,1649,688,560
578,578,4.142475264975,274,744,510,1427,924,1476,1543,722,773
579,579,1.1150226153035,661,983,426,1192,1590,2230,1248,609,548
580,580,1.0664095482825,1092,1498,581,1328,2005,3443,1870,706,457
581,581,1.0730179611455,716,977,420,2329,2278,2436,1357,567,442
582,582,1.327853601766,522,975,547,1010,1199,2132,1400,540,432
583,583,1.5349106748175,657,943,434,667,1266,2391,1684,703,522
584,584,1.433905175012,516,807,391,596,998,1952,1608,766,644
585,585,1.507797423105,735,699,282,1376,2640,2764,1427,673,514
586,586,1.434917415772,422,590,284,2187,1091,1552,1006,465,349
587,587,0.8227131953155,514,446,177,735,2057,1983,884,380,344
588,588,1.480596409443,367,670,431,601,920,1594,1595,789,664
589,589,1.1190325780175,510,523,195,801,1766,2039,1091,553,556
590,590,1.7955227829935,384,782,382,536,632,1613,1489,809,676
591,591,1.881817172009,469,658,350,577,914,1809,1624,923,799
592,592,1.2039527593595,705,831,309,555,1236,2154,1293,589,597
593,593,2.957898934187,636,918,413,840,1345,2103,1681,603,473
594,594,1.640540541614,503,750,395,539,987,1710,1494,660,623
595,595,1.3078143922045,415,557,242,400,826,1388,1131,586,408
596,596,7.061573674301,633,918,426,759,1204,1943,1716,689,584
597,597,0.544158633972,458,704,379,921,1892,1996,1630,588,401
598,598,0.7247064938955,507,721,396,1098,2846,2411,1567,400,435
599,599,0.7250557832385,519,540,325,1294,3497,2870,1628,511,389
600,600,0.778035685984,400,560,319,1054,2693,1877,1311,350,279
601,601,0.457994996994,410,644,330,808,1787,1792,1412,448,370
602,602,0.5750849562305,461,620,311,899,2808,1836,1221,322,314
603,603,0.5569737111055,454,737,403,951,2110,1792,1268,296,259
604,604,0.561913981398,572,818,460,898,1652,1797,1581,312,233
605,605,0.5270146351865,501,589,334,1521,3019,1935,1231,339,393
606,606,0.654826209296,500,800,442,1061,2529,1946,1543,419,393
607,607,0.635526843586,441,533,241,965,3425,1785,1141,371,238
608,608,0.6793583064905,377,501,213,764,2690,1777,1030,344,252
609,609,1.0682103609265,561,725,388,826,2299,2223,1443,460,377
610,610,0.5286447480085,331,370,191,1236,4072,1709,821,273,252
611,611,0.6311803577765,479,685,366,858,2931,1775,1276,393,283
612,612,0.525215758207,354,441,216,750,2203,1236,961,323,295
613,613,1.2324298156605,498,621,331,839,2771,2109,1316,369,249
614,614,0.9216819582,533,647,214,654,2555,1873,978,411,248
615,615,0.5890653165675,440,516,261,745,3196,1950,1162,340,311
616,616,0.683453550206,553,788,362,1121,3190,2502,1427,360,393
617,617,0.580388231286,507,655,363,834,2021,1878,1335,326,219
618,618,0.8186741336455,778,785,306,813,2825,2240,1171,427,378
619,619,0.615337455977,618,838,532,943,1755,1885,1374,377,302
620,620,1.0799327868055,712,963,468,719,2077,2248,1539,576,424
621,621,0.703879129229,578,718,373,748,2677,2350,1227,419,342
622,622,0.901940092885,661,828,385,657,2205,2138,1337,421,301
623,623,1.136543292496,741,1013,395,765,2060,2469,1454,421,326
624,624,0.9488223896765,552,782,299,821,3010,2501,1363,539,410
625,625,0.9662734576695,692,835,413,651,1654,2247,1542,595,539
626,626,0.708584912405,720,1050,493,738,1324,1969,1220,411,356
627,627,1.0332196823955,929,1166,426,1052,3710,3425,1786,503,405
628,628,0.76942481701,587,788,375,571,1377,2057,1282,388,261
629,629,1.1220848868435,649,707,315,679,1979,2100,1594,515,456
630,630,0.68893832796,492,777,358,724,1290,1811,1338,431,477
631,631,0.680714763544,690,848,471,1504,3183,2486,1290,336,232
632,632,0.9369817980645,566,949,436,974,1848,1801,1257,313,252
633,633,0.9762635910195,594,802,381,1277,2089,2229,1133,297,270
634,634,0.8738082192435,568,637,306,1467,2504,2172,1186,389,249
635,635,0.774715967603,512,654,292,1094,2069,1933,1308,432,313
636,636,1.0243104349645,520,619,303,718,1691,1902,1250,414,323
637,637,0.8162960414515,545,571,210,915,2249,2193,1021,320,245
638,638,1.2878349141985,409,493,206,450,1339,1841,1002,421,439
639,639,0.7674770671945,638,806,345,909,1960,2026,1313,327,223
640,640,0.646155586973,403,500,260,820,1554,1803,1155,422,260
641,641,1.417710379669,1064,1040,413,1452,4125,3273,1602,468,470
642,642,0.796921262738,591,768,333,716,1555,2370,1303,441,395
643,643,0.956592613726,555,550,255,839,1280,1789,1121,374,376
644,644,0.732489476035,582,687,219,472,1130,1977,1077,352,297
645,645,1.0177956492865,521,712,309,534,1162,1918,1241,490,370
646,646,0.6400168606575,625,606,272,658,1688,2168,1276,339,296
647,647,0.623892584038,527,570,313,613,1079,1639,1154,276,262
648,648,0.98997649881,665,746,281,637,1636,2428,1300,440,341
649,649,1.154862660813,1002,872,342,898,1807,2468,1520,368,392
650,650,1.05937602748,632,913,324,549,1653,2249,1292,500,322
651,651,0.818735362239,612,800,392,876,1100,2062,1667,458,437
652,652,1.4367023197415,646,766,362,727,1344,2156,1626,610,471
653,653,0.745676407343,614,770,292,567,1464,2328,1257,386,377
654,654,1.051278063507,489,670,310,799,1004,1668,1433,487,417
655,655,1.0316654524795,475,742,418,700,906,1529,1214,306,346
656,656,0.9395021668825,591,833,321,708,1487,2052,1268,478,368
657,657,0.769812529848,562,766,327,672,1379,1956,1109,352,328
658,658,1.355022143901,580,942,503,744,1052,2045,1600,542,462
659,659,1.1872237657685,564,992,565,1024,1126,1938,1518,551,453
660,660,0.958680781638,482,621,307,591,984,1417,1131,361,385
661,661,0.9651144116415,588,800,386,662,1310,2085,1414,503,436
662,662,1.7327225440685,609,896,370,686,1086,1685,1247,366,272
663,663,0.775683372589,568,722,307,720,1427,2120,1367,501,462
664,664,1.9507276666315,753,785,299,618,1231,2019,1133,426,273
665,665,5.404196412019,208,460,256,380,347,1013,1110,643,614
666,666,0.926112730006,458,606,256,577,1415,1779,997,399,306
667,667,1.145955848527,389,578,250,421,1362,1710,1169,627,585
668,668,1.0479998362975,572,563,153,757,2331,2401,1018,380,332
669,669,0.7707977321425,709,731,244,602,1804,2400,1028,467,292
670,670,0.8094408206425,502,615,298,694,1357,1861,1312,484,476
671,671,0.7433004089055,501,605,266,690,1551,1953,1085,332,261
672,672,1.156327590917,557,684,229,677,1998,2286,1010,384,254
673,673,1.7639941231315,473,810,356,452,720,1833,1379,650,564
674,674,0.9252830867105,625,800,291,509,1274,2092,1067,466,387
675,675,0.9290365163065,617,726,323,687,1390,1959,1249,472,237
676,676,0.9620285838015,525,766,388,753,1151,1871,1334,468,395
677,677,1.545950494449,682,880,426,787,1192,1820,1312,440,355
678,678,1.482277344207,420,720,353,609,866,1700,1266,675,615
679,679,1.669370620153,564,606,219,546,1550,2020,1088,478,453
680,680,1.2467690739115,555,707,344,810,1053,1735,1476,543,469
681,681,0.8984320559415,752,1055,450,803,1300,2021,1335,427,367
682,682,1.1629818833465,452,697,441,792,808,1382,1436,438,299
683,683,1.653681395521,593,721,328,644,918,1941,1399,634,505
684,684,1.711023010414,466,638,274,580,701,1602,1433,665,598
685,685,3.221198796404,588,738,331,698,1063,1744,1352,565,665
686,686,1.3305797585175,637,777,364,712,1338,2045,1332,449,382
687,687,1.6341967109925,533,752,401,816,1052,1723,1483,543,537
688,688,1.535935779661,421,594,317,647,737,1480,1351,648,531
689,689,0.5462937049925,636,714,384,927,1752,1933,1220,323,276
690,690,0.4307595065135,688,952,462,908,1248,1704,1062,322,335
691,691,1.5641309587925,616,825,385,788,1579,1819,1055,401,297
692,692,0.500474294534,780,979,475,983,1650,1961,1085,365,259
693,693,0.6320161688475,774,969,540,852,1144,1709,949,305,226
694,694,0.6960680286435,632,703,304,1030,2058,2000,1156,439,312
695,695,0.5234273520975,697,781,318,806,1543,1717,1186,465,298
696,696,0.5882381485145,925,1055,479,1238,1981,2155,1237,400,311
697,697,0.453926524541,568,675,271,1085,2255,1983,1064,376,232
698,698,0.7092525561935,978,1073,490,1140,2364,2384,1653,560,472
699,699,0.490457921585,874,1073,572,1109,1888,2208,1343,408,404
700,700,0.7891877210395,701,595,270,1316,3290,2052,1235,389,271
701,701,3.405668592305,1274,1356,618,5250,9815,4230,1552,370,254
702,702,0.4000895748535,721,938,452,825,1738,2051,1159,347,271
703,703,0.6521284636285,670,884,417,847,1503,1922,1127,454,241
704,704,0.7023475137055,645,636,309,796,1610,1614,1023,412,266
705,705,0.5019619112215,739,857,429,861,1893,2107,1192,542,386
706,706,0.5812149128535,926,1157,509,1198,2329,2539,1371,517,319
707,707,0.4397999521025,688,905,461,926,1438,1715,1154,347,295
708,708,0.7427708631575,675,844,463,1257,2374,2184,1550,548,349
709,709,0.385039935989,553,725,350,878,1637,1649,1147,360,278
710,710,0.546208011875,684,829,372,965,1791,1844,1135,436,434
711,711,1.2590610489215,792,1098,603,1033,1395,2122,1325,368,297
712,712,0.8440752957175,820,1136,615,1233,1612,2309,1475,512,373
713,713,0.4597111338215,782,1032,531,953,1596,2158,1273,382,297
714,714,0.4499193998865,587,717,385,979,1518,1775,1064,362,247
715,715,1.2634689273215,519,626,328,866,1464,1648,1059,336,178
716,716,0.763707279466,711,973,461,1013,1590,2096,1320,402,280
717,717,0.787172405345,795,1093,528,1042,1431,1964,1181,338,338
718,718,0.6293597994505,776,893,530,1248,2213,2156,1440,443,374
719,719,0.595163484368,801,1073,452,1005,1854,2203,1276,383,331
720,720,0.722525136588,673,826,436,971,1541,1853,1420,349,237
721,721,4.223604012201,642,739,332,1269,1818,1945,1182,305,199
722,722,1.897530733722,936,925,452,1561,4565,2550,1402,526,362
723,723,1.3278288567245,547,751,279,752,1107,1633,954,290,152
724,724,1.418677050762,681,943,445,1077,1607,1901,1342,397,272
725,725,3.3201857712095,1361,1130,500,1730,4419,3482,1454,349,214
726,726,3.076211259317,510,751,431,840,1057,2037,1996,1129,1063
727,727,4.9044009583585,509,699,329,694,1074,1558,1250,521,360
728,728,0.760390662368,427,566,279,616,904,1352,1051,380,466
729,729,1.229928409086,406,539,273,616,883,1433,1157,482,367
730,730,1.351338580973,367,407,213,495,748,1139,956,437,345
731,731,3.5899607858855,831,1112,596,1314,2027,2694,2257,977,803
732,732,1.4938132671645,821,917,416,943,2109,2987,1923,869,728
733,733,1.147058997307,353,521,325,637,695,1123,1160,446,454
734,734,2.344904215067,983,1130,599,1190,1910,2986,2100,782,599
735,735,1.04349055845,434,655,352,691,917,1456,1057,475,508
736,736,0.8015515615175,356,491,291,659,970,1214,1076,535,484
737,737,7.71609578661,482,675,350,770,1129,1523,1156,482,402
738,738,1.9852974999115,724,774,358,866,2091,2711,1947,976,1007
739,739,0.731125166952,454,598,312,663,990,1386,1015,424,447
740,740,0.8753914594065,566,824,350,795,1159,1816,1146,527,491
741,741,1.7047723691125,325,491,224,451,655,1187,1076,503,412
742,742,1.51369092539,1186,1709,860,1598,2268,3252,2287,665,746
743,743,1.164787055142,490,773,445,970,1127,1575,1157,498,376
744,744,1.400232753938,650,968,496,939,1306,2027,1106,420,303
745,745,0.955069645122,742,983,597,1102,1606,2019,1402,464,350
746,746,0.678903001944,541,705,374,818,1214,1531,1019,430,327
747,747,0.6034270737745,598,774,350,637,1031,1498,950,388,253
748,748,3.4981503818335,396,454,221,468,771,1226,1140,552,364
749,749,0.903181705106,862,906,383,797,1602,1950,1010,419,269
750,750,1.2723238471385,1572,2022,889,1740,2965,3678,1920,692,536
751,751,1.8776373825445,1095,1396,808,1681,2162,2939,2140,915,760
752,752,0.693337415214,946,1216,514,977,1995,2196,1156,329,409
753,753,0.5638803329405,594,935,519,879,1120,1640,889,307,245
754,754,2.6417974728405,493,932,511,832,933,2206,2085,914,801
755,755,4.0692844723285,560,866,390,613,1242,2344,1846,887,817
756,756,1.8424244004195,911,1162,420,636,1394,3033,1955,936,642
757,757,1.757616554774,831,1191,511,800,1646,3191,1915,835,644
758,758,1.086934298503,667,1028,387,538,936,2407,1527,751,558
759,759,1.833008174572,378,568,246,388,805,1717,1171,554,463
760,760,0.7992183603555,435,729,335,380,818,1862,1139,446,264
761,761,1.111606465721,392,564,186,514,1006,1926,1208,571,454
762,762,1.2440999897615,361,684,333,437,767,1854,1358,618,562
763,763,1.3366888579685,529,726,336,764,971,1927,1415,724,606
764,764,1.450239434729,428,690,314,527,798,1869,1166,518,428
765,765,12.0965283181305,362,851,492,536,457,1567,1321,660,642
766,766,1.904090119845,688,1090,556,991,1208,2325,1927,885,789
767,767,0.905869340276,591,658,301,579,1230,2133,1151,543,360
768,768,2.462035340059,725,1230,578,875,1107,2880,1964,800,607
769,769,1.282321098107,259,562,349,860,546,1358,1306,585,348
770,770,1.8333793012745,340,570,294,400,489,1227,1059,459,399
771,771,0.98317338777,491,742,320,548,727,1909,1307,587,368
772,772,1.4440164751,408,618,282,507,685,1621,1370,636,559
773,773,1.9554289458415,593,886,422,666,959,2065,1887,944,714
774,774,3.74605962533,433,594,291,592,800,1771,1389,685,489
775,775,2.7456784599575,621,1045,588,1271,1131,2653,2150,932,722
776,776,6.857199341413,635,915,400,690,1018,2291,2101,1108,792
777,777,0.7070103904265,538,473,173,710,3199,2323,1259,451,225
778,778,1.046641668534,378,461,231,2673,3068,2181,1395,438,280
779,779,0.758420507786,675,608,291,1320,4782,3873,1789,424,178
780,780,0.6806289167215,779,1192,565,1215,3748,3211,1700,531,359
781,781,0.7055116505415,511,777,387,1708,2617,2170,1524,426,445
782,782,0.89504094984,663,943,394,1106,2938,2351,1433,479,315
783,783,0.9842166845645,661,595,202,919,3222,2217,1272,389,294
784,784,0.4179879829165,313,392,177,2106,1839,1137,605,171,180
785,785,0.760399337922,710,915,391,1086,2688,2260,1460,477,382
786,786,0.662638117635,491,656,315,726,1644,1390,1169,383,424
787,787,0.5860537243685,391,627,291,1220,2091,1592,1224,444,339
788,788,0.534503474329,510,791,402,1293,1791,1787,1555,372,287
789,789,0.4498054148125,528,747,323,1397,2606,2407,1443,451,343
790,790,0.7247378376245,722,950,489,940,1415,1706,1284,396,292
791,791,0.472150374112,465,789,346,691,1467,1645,1190,282,244
792,792,0.646198021124,496,731,345,941,2057,1882,1559,481,343
793,793,0.972476722293,682,1107,579,1070,1784,1991,1658,487,388
794,794,0.5338859826325,732,1091,486,941,1904,2042,1572,355,313
795,795,0.548651606251,627,785,397,963,1989,2071,1509,442,348
796,796,0.6791707125095,720,1034,536,945,2305,2529,1930,534,358
797,797,0.636963841986,556,819,389,944,1812,1836,1491,390,294
798,798,0.792338965426,755,870,423,1038,3009,2659,1868,544,436
799,799,0.8421713529055,550,640,258,936,2473,2100,1546,478,344
800,800,0.798689658634,685,816,315,601,2737,2431,1480,490,370
801,801,0.844593105531,737,983,448,907,2279,2397,1819,575,554
802,802,0.8248728706945,590,870,371,1271,1961,1835,1262,327,303
803,803,1.214945884643,773,775,297,522,2511,2708,1370,509,419
804,804,1.458153068973,639,880,296,522,1433,2039,1311,359,315
805,805,0.753591738067,769,776,341,554,1690,2237,1422,418,348
806,806,2.378226084394,661,1147,544,743,1112,2295,1785,667,564
807,807,1.0780978556785,855,909,382,561,1844,2477,1588,581,399
808,808,2.7648471060775,695,872,372,647,1148,2123,1493,597,432
809,809,1.365128616135,647,1077,487,833,1236,1968,1407,473,397
810,810,1.157947685553,626,985,560,973,1246,2203,1648,474,481
811,811,1.620990976861,440,667,368,800,875,1756,1646,754,539
812,812,1.268572457672,684,802,308,633,1420,2122,1322,508,374
813,813,1.0136220160565,531,915,447,862,1095,1954,1497,536,444
814,814,1.4988866793245,800,1080,460,807,1277,2678,1612,627,479
815,815,1.364923290074,425,719,398,635,795,1644,1434,663,633
816,816,1.5443418625625,572,780,369,833,997,2068,1783,1000,955
817,817,1.1545116876935,450,786,444,871,820,1805,1596,617,562
818,818,1.2090430159285,503,729,377,639,1035,1898,1520,662,508
819,819,4.985019366829,666,1035,593,987,1217,2515,2226,845,710
820,820,1.1472970630375,785,905,366,760,1865,2503,1405,628,605
821,821,0.936728832508,554,764,351,655,1060,2034,1424,572,496
822,822,1.2385727731225,641,856,381,662,1079,2006,1355,577,471
823,823,1.6328997932185,522,698,319,562,992,1804,1434,641,505
824,824,1.8695591889475,414,694,404,729,684,1742,1687,815,751
825,825,1.2428125611795,653,828,377,748,1250,2186,1665,800,578
826,826,1.0240092892235,647,790,266,532,1427,2388,1253,529,786
827,827,1.540022720515,607,978,506,914,1165,1817,1428,563,408
828,828,1.709274972536,562,801,388,697,963,1845,1575,830,939
829,829,0.8731618521665,675,714,280,609,1526,2221,1256,580,563
830,830,2.565780742451,401,688,371,688,685,1514,1725,981,655
831,831,6.5610091014235,334,631,362,678,572,1424,1468,774,524
832,832,1.2571715176795,802,1016,448,1029,2318,2333,1424,470,410
833,833,0.459445536536,589,827,430,1052,1952,1867,996,358,285
834,834,1.1345766554325,705,888,416,1093,2754,2486,1464,649,335
835,835,0.8158123980855,784,916,431,1415,4104,3106,1226,378,275
836,836,0.3566159307225,391,558,340,939,2251,1654,739,239,218
837,837,0.3194628567825,399,537,258,681,1623,1501,908,381,261
838,838,0.3954693356325,470,629,341,830,1696,1523,856,302,235
839,839,0.668919241187,977,1242,598,1393,2711,2615,1158,361,314
840,840,0.4586471712875,515,714,363,1085,3022,1928,933,243,220
841,841,0.5032431471065,687,967,458,2941,2233,2053,833,275,291
842,842,0.344286256086,557,810,404,1293,1914,1660,925,241,185
843,843,0.6669974530825,1039,1525,807,1812,3403,2934,1365,397,256
844,844,0.5386289941815,509,579,264,1220,2657,1693,790,230,148
845,845,0.8062826987695,931,1421,655,1846,3251,2773,1252,405,320
846,846,0.636625991256,513,676,364,2133,3636,2442,1152,428,339
847,847,0.442486518286,578,798,469,1492,2099,1769,1045,450,507
848,848,0.3715439256325,425,613,296,983,1635,1520,664,202,197
849,849,0.7048584143405,794,1146,579,1085,1843,2018,1093,304,240
850,850,0.57402328337,818,1168,601,1251,2174,2510,1202,381,316
851,851,0.4703209203335,728,1125,599,1059,1651,1904,1142,395,317
852,852,0.54513353933,739,811,407,2572,4401,2619,965,282,278
853,853,0.334912670268,584,780,417,994,1563,1705,888,418,346
854,854,0.4908994121,759,767,322,939,2385,2278,1071,367,227
855,855,0.5782097282935,927,1335,641,1346,2581,2513,1119,391,275
856,856,0.5318920485605,721,933,418,1030,2817,2637,1099,276,223
857,857,0.5785856508475,624,771,299,743,2358,2067,1015,361,197
858,858,0.557641333793,383,327,129,463,1729,1842,1114,440,215
859,859,1.5226465666615,1402,1594,715,2293,6470,4692,1466,378,285
860,860,0.710675991815,669,763,333,796,1797,1992,1022,441,245
861,861,0.537972369973,887,941,327,1167,3299,3158,1304,406,234
862,862,2.200219088029,472,712,362,778,895,1471,1546,886,957
863,863,2.8111117253115,556,677,330,751,1064,1940,1825,916,899
864,864,1.8728471264555,592,841,402,776,1078,1732,1541,660,819
865,865,1.5309665283465,544,735,367,715,915,1603,1573,762,653
866,866,1.1935827371545,567,744,368,810,1240,1665,1701,724,740
867,867,1.543270911856,642,877,494,944,1190,1739,1598,636,552
868,868,1.7226525381715,723,958,498,936,1362,2232,1966,859,564
869,869,1.2210159400365,891,1050,471,931,1363,2275,1534,581,483
870,870,1.9727904779265,807,1073,612,1048,1530,2190,1540,476,346
871,871,1.45828596375,787,868,434,792,1532,2115,1452,496,318
872,872,1.0546507062685,878,1047,509,900,1735,2785,1538,428,318
873,873,0.616734095367,801,1044,473,792,1648,2603,1273,420,352
874,874,0.8924597107395,1096,1235,596,1203,1975,2507,1436,518,450
875,875,2.3593151337115,1059,1227,506,1090,3011,3083,1527,495,369
876,876,1.3939893426005,760,934,329,707,1516,2301,1449,474,407
877,877,0.79349389739,860,938,354,967,2410,2714,1551,495,419
878,878,0.889915239704,941,1106,456,1063,2328,3053,1669,533,414
879,879,2.4988619483085,790,988,417,952,1513,2225,1309,486,517
880,880,1.055069414654,658,814,402,953,1695,2190,1376,566,435
881,881,0.698994905132,855,1202,547,1173,2173,2742,1524,516,443
882,882,1.4946776031425,631,718,314,987,2080,2223,1360,493,331
883,883,2.2262937422975,800,1012,484,912,1731,2541,1408,408,316
884,884,0.6819584665805,949,993,449,914,2387,2675,1223,360,315
885,885,0.8363090496525,742,866,367,905,2236,2413,1339,478,316
886,886,0.558322179545,691,735,343,969,2411,2465,1169,478,385
887,887,1.7400416437635,710,965,432,1133,2407,2330,1418,474,303
888,888,0.847524132333,835,1099,497,1144,2471,2486,1653,547,379
889,889,0.648256332279,807,942,429,1408,2248,2496,1624,496,357
890,890,1.072799153524,444,486,187,615,1990,1745,1275,606,582
891,891,2.0261157973365,807,1040,442,1466,3754,3320,1755,542,403
892,892,0.441661738414,513,705,319,797,1690,1779,1275,406,315
893,893,0.6300693437515,592,684,246,992,3111,2678,1392,602,429
894,894,0.4496456367725,444,397,147,691,2106,1692,968,435,338
895,895,0.944048621572,560,747,304,581,1727,2100,1320,666,396
896,896,0.4029919044455,537,673,337,812,1750,1513,1020,397,365
897,897,0.8092277316465,509,579,231,1129,4313,2194,997,325,281
898,898,0.795582118191,720,819,260,731,2701,2567,1029,323,256
899,899,1.271002981847,752,724,269,869,3335,3102,1337,591,331
900,900,1.070828246207,518,663,317,773,1855,2079,1407,686,548
901,901,0.7870593216945,504,397,162,728,3738,2475,1037,417,273
902,902,1.4222825074865,513,767,333,1513,1011,1318,865,329,354
903,903,0.898929749197,468,498,215,655,2551,2402,1087,595,522
904,904,1.238027591273,631,939,314,577,1764,2261,1205,332,245
905,905,1.7607946202975,799,1007,453,1241,1906,2655,1524,635,728
906,906,0.728541058619,645,993,334,599,1455,2023,1205,489,455
907,907,0.6998592334505,555,705,284,652,2355,2309,960,369,311
908,908,1.059799753483,878,931,344,698,2264,2832,1385,498,371
909,909,1.0146935292955,666,900,391,776,1708,2378,1528,666,419
910,910,0.70503838612,572,600,218,657,2804,2194,936,376,318
911,911,0.5834114033315,499,671,317,668,1457,1792,1013,363,294
912,912,2.2066948852185,497,670,381,1654,1425,1655,1054,457,320
913,913,1.066078798324,507,574,263,660,2342,2286,1070,396,263
914,914,0.8348751853125,913,800,249,476,1989,2506,1144,433,369
915,915,1.3224458491385,645,586,214,725,3585,2254,983,392,368
916,916,1.39461855959,615,830,336,755,2550,2373,1493,549,396
917,917,0.8588332861245,553,641,286,595,1512,1868,1125,494,326
918,918,0.4898073839685,334,473,177,554,1881,1497,867,325,287
919,919,0.558680068537,349,477,215,542,1605,1340,885,308,276
920,920,0.690933169971,678,564,185,926,2090,2015,766,262,223
921,921,0.453907449196,430,483,198,568,1555,1426,758,384,313
922,922,0.5579187768475,468,550,212,639,1605,1356,865,377,354
923,923,0.854281443922,477,638,270,1191,2257,1701,864,313,294
924,924,0.746179270644,741,890,283,924,3142,2651,1281,502,439
925,925,0.895100608425,491,864,409,951,1345,1894,1508,546,486
926,926,0.5179916887245,602,863,341,744,1655,2100,1207,346,331
927,927,0.920274412701,484,777,329,781,1283,1972,1264,620,739
928,928,0.8130086276335,702,1286,611,1016,1751,2739,1730,675,636
929,929,0.694009429459,640,896,339,816,1860,2439,1520,874,840
930,930,0.488193920459,749,1172,663,1225,1602,2442,1837,722,564
931,931,0.504638986871,765,1343,683,1256,2666,3316,2159,780,580
932,932,0.48784654634,687,796,283,693,2234,2714,1174,467,300
933,933,0.560172590752,757,973,392,722,1958,3234,1796,759,561
934,934,1.412888142668,509,682,256,1386,2460,2187,1312,588,527
935,935,0.612065485539,870,1628,968,2053,2414,3327,2505,1075,963
936,936,0.5392950027455,707,1182,666,1142,1717,2511,1701,543,575
937,937,1.0933928270565,486,670,265,1179,2452,2771,1715,828,600
938,938,0.5408616987705,441,579,278,1221,2209,2339,1358,662,485
939,939,1.2890960911505,363,501,216,1611,2621,2786,1621,548,429
940,940,0.543962802609,684,842,354,770,2594,3218,1646,724,540
941,941,0.6900013335435,543,626,311,1546,1847,2170,1409,721,541
942,942,0.484680212251,581,564,202,1243,2946,2601,1279,540,348
943,943,0.461826688755,594,608,281,1217,3032,2857,1409,646,472
944,944,2.518770385515,264,353,134,374,1325,1982,1714,681,478
945,945,3.589007129024,411,704,313,2613,1413,2282,2053,769,700
946,946,1.39777816977,424,548,310,1084,2012,2469,1984,835,566
947,947,0.4467867334095,517,800,344,983,1958,2522,1882,851,727
948,948,0.36372635804,454,629,222,1176,2563,2315,1714,697,461
949,949,0.6568211628025,475,844,435,823,1566,2202,1503,799,551
950,950,0.374386313624,447,686,365,975,1960,2212,1615,738,729
951,951,2.5973699280135,488,705,340,687,883,1579,1452,682,650
952,952,0.9405792409925,539,899,475,714,993,1784,1303,342,350
953,953,1.443607148908,496,819,431,788,994,1853,1437,557,539
954,954,1.3676292190425,375,529,304,612,973,1276,1290,596,606
955,955,1.2436304722395,637,820,336,727,1171,1623,1359,460,329
956,956,1.5068424852215,543,828,372,528,822,1937,1451,648,487
957,957,1.394143959123,570,837,426,818,1021,1642,1530,470,317
958,958,22.4481813793955,296,451,281,510,463,1034,1371,920,693
959,959,0.6857427749355,514,526,210,537,1099,1864,1141,506,279
960,960,1.4497035279625,478,599,224,674,1681,2208,1250,591,577
961,961,0.981768957543,838,1181,680,1163,1665,2277,1538,395,384
962,962,0.6961106152965,758,977,480,905,1251,2065,1343,379,353
963,963,0.96223780595,508,745,393,766,1116,1786,1516,619,491
964,964,4.3062658022975,722,797,412,763,1394,2057,1447,653,583
965,965,0.8265715112475,464,642,320,987,1851,1848,1227,324,194
966,966,1.165131152701,947,1327,618,1107,1601,2352,1532,529,474
967,967,1.648204772637,1165,1410,694,1558,2371,2892,2095,707,453
968,968,1.1387289818475,322,391,199,3517,2432,1797,1319,529,341
969,969,0.6911752850425,405,465,264,1571,1787,1624,1293,321,232
970,970,3.331296686343,426,778,399,671,755,1728,1676,989,950
971,971,0.500908204621,719,794,331,1068,3579,2647,959,232,188
972,972,0.917334661656,440,467,239,815,2502,2418,831,180,92
973,973,2.130356110372,897,1168,593,1357,2146,2753,2770,1350,1052
974,974,0.5217102162435,792,1071,511,784,1937,2247,1110,292,232
975,975,0.4570932047645,1105,1189,526,876,1242,1617,1110,393,245
976,976,2.4040591589365,770,1140,581,1428,2244,2688,1989,916,843
977,977,2.477292782666,700,1148,820,1760,1619,2613,2402,1091,893
978,978,2.5282684794755,861,1012,463,827,1533,2216,1601,791,759
979,979,0.540599651653,916,818,364,2287,3356,2575,1008,278,139
980,980,2.5466271391805,1051,937,451,1416,3347,2868,1212,404,352
981,981,0.867883176118,731,726,260,918,2303,2256,953,408,282
982,982,1.9860490398565,667,750,348,924,2178,2330,1331,575,526
