Location,Location key
0,E02000001
1,E02000002
2,E02000003
3,E02000004
4,E02000005
5,E02000007
6,E02000008
7,E02000009
8,E02000010
9,E02000011
10,E02000012
11,E02000013
12,E02000014
13,E02000015
14,E02000016
15,E02000017
16,E02000018
17,E02000019
18,E02000020
19,E02000021
20,E02000022
21,E02000023
22,E02000024
23,E02000025
24,E02000026
25,E02000027
26,E02000028
27,E02000029
28,E02000030
29,E02000031
30,E02000032
31,E02000033
32,E02000034
33,E02000035
34,E02000036
35,E02000037
36,E02000038
37,E02000039
38,E02000040
39,E02000041
40,E02000042
41,E02000043
42,E02000044
43,E02000045
44,E02000046
45,E02000047
46,E02000048
47,E02000049
48,E02000050
49,E02000051
50,E02000052
51,E02000053
52,E02000054
53,E02000055
54,E02000056
55,E02000057
56,E02000058
57,E02000059
58,E02000060
59,E02000061
60,E02000062
61,E02000063
62,E02000064
63,E02000065
64,E02000066
65,E02000067
66,E02000068
67,E02000069
68,E02000070
69,E02000071
70,E02000072
71,E02000073
72,E02000074
73,E02000075
74,E02000077
75,E02000078
76,E02000079
77,E02000080
78,E02000081
79,E02000082
80,E02000083
81,E02000084
82,E02000085
83,E02000086
84,E02000087
85,E02000088
86,E02000089
87,E02000090
88,E02000091
89,E02000092
90,E02000093
91,E02000094
92,E02000095
93,E02000096
94,E02000097
95,E02000098
96,E02000099
97,E02000100
98,E02000101
99,E02000102
100,E02000103
101,E02000104
102,E02000105
103,E02000106
104,E02000107
105,E02000108
106,E02000109
107,E02000110
108,E02000111
109,E02000112
110,E02000113
111,E02000114
112,E02000115
113,E02000116
114,E02000117
115,E02000118
116,E02000119
117,E02000120
118,E02000121
119,E02000122
120,E02000123
121,E02000124
122,E02000125
123,E02000126
124,E02000127
125,E02000128
126,E02000130
127,E02000131
128,E02000132
129,E02000133
130,E02000134
131,E02000135
132,E02000136
133,E02000137
134,E02000138
135,E02000139
136,E02000140
137,E02000141
138,E02000142
139,E02000144
140,E02000145
141,E02000146
142,E02000147
143,E02000148
144,E02000149
145,E02000150
146,E02000151
147,E02000152
148,E02000153
149,E02000154
150,E02000155
151,E02000156
152,E02000157
153,E02000158
154,E02000159
155,E02000160
156,E02000161
157,E02000162
158,E02000163
159,E02000165
160,E02000166
161,E02000167
162,E02000168
163,E02000169
164,E02000170
165,E02000171
166,E02000172
167,E02000173
168,E02000174
169,E02000175
170,E02000176
171,E02000177
172,E02000178
173,E02000179
174,E02000180
175,E02000181
176,E02000182
177,E02000183
178,E02000184
179,E02000185
180,E02000186
181,E02000187
182,E02000188
183,E02000189
184,E02000190
185,E02000191
186,E02000192
187,E02000193
188,E02000194
189,E02000195
190,E02000196
191,E02000197
192,E02000198
193,E02000199
194,E02000200
195,E02000201
196,E02000202
197,E02000203
198,E02000204
199,E02000206
200,E02000207
201,E02000208
202,E02000209
203,E02000210
204,E02000211
205,E02000212
206,E02000213
207,E02000214
208,E02000215
209,E02000216
210,E02000217
211,E02000218
212,E02000219
213,E02000220
214,E02000221
215,E02000222
216,E02000223
217,E02000224
218,E02000225
219,E02000226
220,E02000227
221,E02000228
222,E02000229
223,E02000230
224,E02000231
225,E02000232
226,E02000233
227,E02000234
228,E02000235
229,E02000236
230,E02000237
231,E02000238
232,E02000239
233,E02000240
234,E02000241
235,E02000242
236,E02000243
237,E02000244
238,E02000245
239,E02000246
240,E02000247
241,E02000248
242,E02000249
243,E02000250
244,E02000251
245,E02000252
246,E02000253
247,E02000254
248,E02000255
249,E02000256
250,E02000257
251,E02000258
252,E02000259
253,E02000260
254,E02000261
255,E02000262
256,E02000263
257,E02000264
258,E02000265
259,E02000266
260,E02000267
261,E02000268
262,E02000269
263,E02000270
264,E02000271
265,E02000272
266,E02000274
267,E02000275
268,E02000276
269,E02000277
270,E02000278
271,E02000279
272,E02000280
273,E02000281
274,E02000282
275,E02000283
276,E02000284
277,E02000285
278,E02000286
279,E02000287
280,E02000288
281,E02000289
282,E02000290
283,E02000291
284,E02000292
285,E02000293
286,E02000294
287,E02000295
288,E02000296
289,E02000297
290,E02000298
291,E02000299
292,E02000300
293,E02000301
294,E02000302
295,E02000303
296,E02000304
297,E02000305
298,E02000306
299,E02000307
300,E02000308
301,E02000309
302,E02000311
303,E02000312
304,E02000313
305,E02000314
306,E02000315
307,E02000316
308,E02000317
309,E02000318
310,E02000319
311,E02000320
312,E02000321
313,E02000323
314,E02000324
315,E02000326
316,E02000327
317,E02000328
318,E02000329
319,E02000331
320,E02000332
321,E02000333
322,E02000334
323,E02000335
324,E02000337
325,E02000339
326,E02000340
327,E02000341
328,E02000342
329,E02000343
330,E02000344
331,E02000345
332,E02000346
333,E02000347
334,E02000348
335,E02000350
336,E02000351
337,E02000352
338,E02000353
339,E02000354
340,E02000355
341,E02000356
342,E02000357
343,E02000358
344,E02000359
345,E02000360
346,E02000361
347,E02000362
348,E02000363
349,E02000364
350,E02000365
351,E02000366
352,E02000367
353,E02000368
354,E02000369
355,E02000370
356,E02000371
357,E02000372
358,E02000373
359,E02000374
360,E02000375
361,E02000376
362,E02000377
363,E02000378
364,E02000379
365,E02000380
366,E02000381
367,E02000382
368,E02000383
369,E02000384
370,E02000385
371,E02000386
372,E02000387
373,E02000388
374,E02000389
375,E02000390
376,E02000391
377,E02000392
378,E02000393
379,E02000394
380,E02000395
381,E02000396
382,E02000397
383,E02000398
384,E02000400
385,E02000401
386,E02000402
387,E02000403
388,E02000404
389,E02000405
390,E02000406
391,E02000407
392,E02000408
393,E02000409
394,E02000410
395,E02000411
396,E02000412
397,E02000413
398,E02000414
399,E02000415
400,E02000416
401,E02000417
402,E02000418
403,E02000419
404,E02000420
405,E02000421
406,E02000422
407,E02000423
408,E02000424
409,E02000425
410,E02000426
411,E02000427
412,E02000428
413,E02000429
414,E02000430
415,E02000431
416,E02000432
417,E02000433
418,E02000434
419,E02000435
420,E02000436
421,E02000437
422,E02000438
423,E02000439
424,E02000440
425,E02000441
426,E02000442
427,E02000443
428,E02000444
429,E02000445
430,E02000447
431,E02000448
432,E02000449
433,E02000451
434,E02000452
435,E02000453
436,E02000454
437,E02000455
438,E02000456
439,E02000457
440,E02000459
441,E02000460
442,E02000461
443,E02000462
444,E02000463
445,E02000464
446,E02000465
447,E02000466
448,E02000467
449,E02000468
450,E02000469
451,E02000470
452,E02000471
453,E02000472
454,E02000473
455,E02000474
456,E02000475
457,E02000476
458,E02000477
459,E02000478
460,E02000479
461,E02000480
462,E02000481
463,E02000482
464,E02000483
465,E02000484
466,E02000485
467,E02000486
468,E02000487
469,E02000488
470,E02000489
471,E02000490
472,E02000491
473,E02000492
474,E02000493
475,E02000494
476,E02000495
477,E02000496
478,E02000497
479,E02000498
480,E02000499
481,E02000500
482,E02000501
483,E02000502
484,E02000503
485,E02000504
486,E02000506
487,E02000507
488,E02000508
489,E02000509
490,E02000510
491,E02000511
492,E02000512
493,E02000513
494,E02000514
495,E02000515
496,E02000516
497,E02000517
498,E02000518
499,E02000519
500,E02000520
501,E02000521
502,E02000522
503,E02000523
504,E02000524
505,E02000525
506,E02000526
507,E02000528
508,E02000529
509,E02000530
510,E02000531
511,E02000532
512,E02000533
513,E02000534
514,E02000535
515,E02000536
516,E02000537
517,E02000538
518,E02000539
519,E02000540
520,E02000541
521,E02000542
522,E02000543
523,E02000544
524,E02000545
525,E02000546
526,E02000547
527,E02000548
528,E02000549
529,E02000550
530,E02000551
531,E02000552
532,E02000553
533,E02000554
534,E02000555
535,E02000556
536,E02000557
537,E02000558
538,E02000559
539,E02000560
540,E02000561
541,E02000562
542,E02000563
543,E02000564
544,E02000565
545,E02000566
546,E02000567
547,E02000568
548,E02000569
549,E02000570
550,E02000571
551,E02000572
552,E02000573
553,E02000574
554,E02000575
555,E02000576
556,E02000577
557,E02000578
558,E02000579
559,E02000580
560,E02000581
561,E02000582
562,E02000583
563,E02000584
564,E02000585
565,E02000586
566,E02000587
567,E02000588
568,E02000589
569,E02000590
570,E02000591
571,E02000592
572,E02000593
573,E02000594
574,E02000595
575,E02000596
576,E02000597
577,E02000598
578,E02000599
579,E02000600
580,E02000601
581,E02000602
582,E02000603
583,E02000604
584,E02000605
585,E02000606
586,E02000607
587,E02000608
588,E02000609
589,E02000610
590,E02000611
591,E02000612
592,E02000613
593,E02000614
594,E02000615
595,E02000616
596,E02000617
597,E02000619
598,E02000620
599,E02000621
600,E02000622
601,E02000623
602,E02000624
603,E02000625
604,E02000626
605,E02000627
606,E02000628
607,E02000629
608,E02000630
609,E02000631
610,E02000632
611,E02000633
612,E02000634
613,E02000635
614,E02000636
615,E02000637
616,E02000638
617,E02000639
618,E02000640
619,E02000641
620,E02000642
621,E02000643
622,E02000644
623,E02000645
624,E02000646
625,E02000647
626,E02000648
627,E02000649
628,E02000650
629,E02000651
630,E02000652
631,E02000653
632,E02000654
633,E02000655
634,E02000657
635,E02000658
636,E02000659
637,E02000660
638,E02000661
639,E02000662
640,E02000663
641,E02000664
642,E02000665
643,E02000666
644,E02000667
645,E02000668
646,E02000669
647,E02000670
648,E02000671
649,E02000672
650,E02000673
651,E02000674
652,E02000675
653,E02000676
654,E02000677
655,E02000678
656,E02000679
657,E02000680
658,E02000681
659,E02000682
660,E02000683
661,E02000685
662,E02000686
663,E02000687
664,E02000689
665,E02000690
666,E02000691
667,E02000692
668,E02000693
669,E02000694
670,E02000695
671,E02000696
672,E02000697
673,E02000698
674,E02000699
675,E02000700
676,E02000701
677,E02000702
678,E02000703
679,E02000704
680,E02000705
681,E02000706
682,E02000707
683,E02000708
684,E02000709
685,E02000710
686,E02000711
687,E02000712
688,E02000713
689,E02000714
690,E02000715
691,E02000716
692,E02000717
693,E02000718
694,E02000719
695,E02000720
696,E02000721
697,E02000722
698,E02000723
699,E02000724
700,E02000725
701,E02000726
702,E02000727
703,E02000728
704,E02000729
705,E02000730
706,E02000731
707,E02000732
708,E02000733
709,E02000734
710,E02000735
711,E02000736
712,E02000737
713,E02000738
714,E02000739
715,E02000740
716,E02000741
717,E02000742
718,E02000743
719,E02000744
720,E02000745
721,E02000746
722,E02000747
723,E02000748
724,E02000749
725,E02000750
726,E02000751
727,E02000752
728,E02000753
729,E02000754
730,E02000755
731,E02000756
732,E02000757
733,E02000758
734,E02000759
735,E02000760
736,E02000762
737,E02000763
738,E02000764
739,E02000765
740,E02000767
741,E02000768
742,E02000769
743,E02000770
744,E02000772
745,E02000773
746,E02000774
747,E02000776
748,E02000777
749,E02000779
750,E02000780
751,E02000781
752,E02000782
753,E02000783
754,E02000784
755,E02000785
756,E02000786
757,E02000787
758,E02000788
759,E02000789
760,E02000790
761,E02000791
762,E02000792
763,E02000793
764,E02000794
765,E02000795
766,E02000796
767,E02000797
768,E02000798
769,E02000799
770,E02000800
771,E02000801
772,E02000802
773,E02000803
774,E02000804
775,E02000805
776,E02000806
777,E02000807
778,E02000808
779,E02000809
780,E02000810
781,E02000812
782,E02000813
783,E02000814
784,E02000815
785,E02000816
786,E02000817
787,E02000818
788,E02000819
789,E02000820
790,E02000821
791,E02000822
792,E02000823
793,E02000824
794,E02000825
795,E02000826
796,E02000827
797,E02000828
798,E02000829
799,E02000830
800,E02000831
801,E02000832
802,E02000833
803,E02000834
804,E02000835
805,E02000836
806,E02000837
807,E02000838
808,E02000839
809,E02000840
810,E02000841
811,E02000842
812,E02000843
813,E02000844
814,E02000845
815,E02000846
816,E02000847
817,E02000848
818,E02000849
819,E02000850
820,E02000851
821,E02000852
822,E02000853
823,E02000854
824,E02000855
825,E02000856
826,E02000857
827,E02000858
828,E02000859
829,E02000860
830,E02000861
831,E02000863
832,E02000864
833,E02000865
834,E02000866
835,E02000867
836,E02000868
837,E02000869
838,E02000870
839,E02000871
840,E02000872
841,E02000873
842,E02000874
843,E02000875
844,E02000876
845,E02000877
846,E02000878
847,E02000879
848,E02000880
849,E02000881
850,E02000882
851,E02000883
852,E02000884
853,E02000885
854,E02000886
855,E02000887
856,E02000888
857,E02000889
858,E02000890
859,E02000891
860,E02000893
861,E02000894
862,E02000895
863,E02000896
864,E02000897
865,E02000898
866,E02000899
867,E02000900
868,E02000901
869,E02000902
870,E02000903
871,E02000904
872,E02000905
873,E02000906
874,E02000907
875,E02000908
876,E02000909
877,E02000910
878,E02000911
879,E02000912
880,E02000913
881,E02000914
882,E02000915
883,E02000916
884,E02000917
885,E02000918
886,E02000919
887,E02000920
888,E02000921
889,E02000922
890,E02000923
891,E02000924
892,E02000925
893,E02000926
894,E02000927
895,E02000928
896,E02000929
897,E02000930
898,E02000931
899,E02000932
900,E02000933
901,E02000934
902,E02000935
903,E02000936
904,E02000937
905,E02000938
906,E02000939
907,E02000940
908,E02000941
909,E02000942
910,E02000943
911,E02000944
912,E02000945
913,E02000946
914,E02000947
915,E02000948
916,E02000949
917,E02000950
918,E02000951
919,E02000952
920,E02000953
921,E02000954
922,E02000955
923,E02000956
924,E02000957
925,E02000958
926,E02000959
927,E02000960
928,E02000961
929,E02000962
930,E02000963
931,E02000964
932,E02000965
933,E02000966
934,E02000967
935,E02000968
936,E02000969
937,E02000970
938,E02000971
939,E02000972
940,E02000973
941,E02000974
942,E02000975
943,E02000976
944,E02000977
945,E02000978
946,E02000979
947,E02000980
948,E02000981
949,E02000982
950,E02000983
951,E02006782
952,E02006783
953,E02006784
954,E02006785
955,E02006786
956,E02006787
957,E02006788
958,E02006789
959,E02006791
960,E02006792
961,E02006793
962,E02006794
963,E02006795
964,E02006796
965,E02006798
966,E02006799
967,E02006800
968,E02006801
969,E02006802
970,E02006836
971,E02006853
972,E02006854
973,E02006882
974,E02006918
975,E02006921
976,E02006924
977,E02006925
978,E02006927
979,E02006928
980,E02006929
981,E02006930
982,E02006931
