Home,Location,S(0-24),I(0-24),R(0-24),S(25-49),I(25-49),R(25-49),S(50-79),I(50-79),R(50-79),S(75+),I(75+),R(75+)
0,0,2284,0,0,3089,0,0,2647,0,0,686,0,0
1,1,2908,0,0,2675,0,0,1553,0,0,584,0,0
2,2,3709,0,0,4211,0,0,2510,0,0,621,0,0
3,3,2164,0,0,2155,0,0,1668,0,0,599,0,0
4,4,3976,0,0,3833,0,0,1997,0,0,423,0,0
5,5,3988,0,0,3512,0,0,2063,0,0,560,0,0
6,6,4735,0,0,4569,0,0,2716,0,0,615,0,0
7,7,4587,0,0,4581,0,0,2050,0,0,374,0,0
8,8,3478,0,0,3354,0,0,1958,0,0,407,0,0
9,9,2507,0,0,2488,0,0,1539,0,0,449,0,0
10,10,4217,0,0,4227,0,0,2264,0,0,582,0,0
11,11,3499,0,0,3229,0,0,1821,0,0,350,0,0
12,12,3720,0,0,3611,0,0,2229,0,0,456,0,0
13,13,3116,0,0,2992,0,0,1624,0,0,337,0,0
14,14,3947,0,0,4752,0,0,1140,0,0,105,0,0
15,15,3183,0,0,4111,0,0,1668,0,0,369,0,0
16,16,3986,0,0,3649,0,0,1776,0,0,378,0,0
17,17,3578,0,0,3346,0,0,1881,0,0,343,0,0
18,18,5164,0,0,5197,0,0,2172,0,0,482,0,0
19,19,3540,0,0,3219,0,0,1810,0,0,401,0,0
20,20,3678,0,0,3482,0,0,1075,0,0,119,0,0
21,21,3581,0,0,3085,0,0,1148,0,0,171,0,0
22,22,2949,0,0,3587,0,0,3406,0,0,1046,0,0
23,23,2288,0,0,3083,0,0,2462,0,0,618,0,0
24,24,1934,0,0,2123,0,0,1993,0,0,579,0,0
25,25,3130,0,0,3211,0,0,2724,0,0,688,0,0
26,26,1888,0,0,2437,0,0,1841,0,0,527,0,0
27,27,3069,0,0,3418,0,0,2374,0,0,521,0,0
28,28,2612,0,0,2504,0,0,3150,0,0,1022,0,0
29,29,2054,0,0,2655,0,0,2147,0,0,872,0,0
30,30,2376,0,0,2376,0,0,2440,0,0,691,0,0
31,31,2638,0,0,3214,0,0,2458,0,0,609,0,0
32,32,2709,0,0,3407,0,0,2484,0,0,676,0,0
33,33,2424,0,0,3672,0,0,2171,0,0,736,0,0
34,34,3889,0,0,4044,0,0,2885,0,0,759,0,0
35,35,3632,0,0,3310,0,0,2676,0,0,760,0,0
36,36,3415,0,0,4499,0,0,2919,0,0,699,0,0
37,37,2271,0,0,2486,0,0,2006,0,0,505,0,0
38,38,2654,0,0,2973,0,0,2017,0,0,556,0,0
39,39,3341,0,0,3523,0,0,2355,0,0,752,0,0
40,40,3501,0,0,5038,0,0,2750,0,0,860,0,0
41,41,2639,0,0,2920,0,0,2043,0,0,593,0,0
42,42,3040,0,0,3332,0,0,2124,0,0,378,0,0
43,43,3399,0,0,4463,0,0,2548,0,0,498,0,0
44,44,2001,0,0,3504,0,0,1607,0,0,470,0,0
45,45,4237,0,0,4885,0,0,2693,0,0,583,0,0
46,46,3215,0,0,3933,0,0,2695,0,0,802,0,0
47,47,3610,0,0,3487,0,0,1927,0,0,268,0,0
48,48,3328,0,0,4358,0,0,2581,0,0,638,0,0
49,49,2764,0,0,3615,0,0,2356,0,0,951,0,0
50,50,2833,0,0,4786,0,0,2399,0,0,568,0,0
51,51,5289,0,0,7314,0,0,2546,0,0,494,0,0
52,52,2236,0,0,3237,0,0,1765,0,0,378,0,0
53,53,3747,0,0,4976,0,0,2368,0,0,770,0,0
54,54,2898,0,0,3086,0,0,2518,0,0,855,0,0
55,55,3020,0,0,3219,0,0,1466,0,0,442,0,0
56,56,3438,0,0,3958,0,0,2655,0,0,898,0,0
57,57,3449,0,0,4994,0,0,2609,0,0,606,0,0
58,58,4915,0,0,4420,0,0,2157,0,0,866,0,0
59,59,2459,0,0,3887,0,0,1975,0,0,659,0,0
60,60,2282,0,0,2815,0,0,1483,0,0,246,0,0
61,61,2381,0,0,3116,0,0,1822,0,0,436,0,0
62,62,2136,0,0,2845,0,0,1506,0,0,364,0,0
63,63,3567,0,0,3270,0,0,1868,0,0,287,0,0
64,64,3608,0,0,3563,0,0,2461,0,0,437,0,0
65,65,3513,0,0,4099,0,0,2152,0,0,503,0,0
66,66,2986,0,0,3185,0,0,1616,0,0,375,0,0
67,67,2127,0,0,2313,0,0,1738,0,0,578,0,0
68,68,2220,0,0,2599,0,0,2511,0,0,734,0,0
69,69,2444,0,0,2642,0,0,2093,0,0,479,0,0
70,70,5031,0,0,4811,0,0,2520,0,0,489,0,0
71,71,3189,0,0,3452,0,0,3284,0,0,997,0,0
72,72,2742,0,0,2975,0,0,2251,0,0,559,0,0
73,73,2121,0,0,2485,0,0,2759,0,0,896,0,0
74,74,2473,0,0,2818,0,0,2275,0,0,675,0,0
75,75,2247,0,0,2672,0,0,2275,0,0,719,0,0
76,76,2364,0,0,3087,0,0,2231,0,0,978,0,0
77,77,2966,0,0,3548,0,0,2784,0,0,876,0,0
78,78,2261,0,0,2611,0,0,2340,0,0,825,0,0
79,79,2764,0,0,3140,0,0,2579,0,0,728,0,0
80,80,3652,0,0,4267,0,0,2773,0,0,728,0,0
81,81,3033,0,0,3678,0,0,3360,0,0,956,0,0
82,82,2443,0,0,2666,0,0,2248,0,0,647,0,0
83,83,2097,0,0,2274,0,0,2328,0,0,615,0,0
84,84,2138,0,0,2567,0,0,2413,0,0,941,0,0
85,85,2210,0,0,2537,0,0,2308,0,0,739,0,0
86,86,2341,0,0,2380,0,0,2346,0,0,841,0,0
87,87,2792,0,0,3305,0,0,2380,0,0,1065,0,0
88,88,2733,0,0,3054,0,0,2918,0,0,1261,0,0
89,89,2227,0,0,2234,0,0,1817,0,0,516,0,0
90,90,3521,0,0,4104,0,0,2796,0,0,726,0,0
91,91,3053,0,0,3373,0,0,2221,0,0,536,0,0
92,92,3084,0,0,3533,0,0,2569,0,0,808,0,0
93,93,2056,0,0,2432,0,0,2226,0,0,761,0,0
94,94,2957,0,0,3171,0,0,2368,0,0,601,0,0
95,95,2814,0,0,2916,0,0,2166,0,0,541,0,0
96,96,3026,0,0,3408,0,0,1959,0,0,548,0,0
97,97,2908,0,0,2895,0,0,2377,0,0,633,0,0
98,98,3188,0,0,3463,0,0,2317,0,0,630,0,0
99,99,2834,0,0,2518,0,0,1779,0,0,383,0,0
100,100,3255,0,0,3142,0,0,2204,0,0,616,0,0
101,101,2162,0,0,2628,0,0,1838,0,0,653,0,0
102,102,3143,0,0,3888,0,0,2200,0,0,495,0,0
103,103,3623,0,0,4059,0,0,2435,0,0,535,0,0
104,104,3426,0,0,5124,0,0,2519,0,0,464,0,0
105,105,2200,0,0,2480,0,0,1605,0,0,369,0,0
106,106,4715,0,0,5101,0,0,2459,0,0,618,0,0
107,107,2493,0,0,3684,0,0,2021,0,0,424,0,0
108,108,3378,0,0,4284,0,0,2557,0,0,579,0,0
109,109,3072,0,0,4295,0,0,2547,0,0,578,0,0
110,110,4065,0,0,2946,0,0,2380,0,0,424,0,0
111,111,3037,0,0,4710,0,0,1968,0,0,435,0,0
112,112,2175,0,0,4240,0,0,1923,0,0,473,0,0
113,113,3219,0,0,4026,0,0,1839,0,0,302,0,0
114,114,4842,0,0,4490,0,0,3007,0,0,687,0,0
115,115,3306,0,0,3999,0,0,2525,0,0,512,0,0
116,116,3696,0,0,2984,0,0,1906,0,0,414,0,0
117,117,2335,0,0,4543,0,0,1919,0,0,420,0,0
118,118,3518,0,0,4332,0,0,2390,0,0,523,0,0
119,119,2311,0,0,2873,0,0,2083,0,0,545,0,0
120,120,5460,0,0,6353,0,0,3528,0,0,563,0,0
121,121,2902,0,0,4542,0,0,2239,0,0,443,0,0
122,122,2918,0,0,4400,0,0,2532,0,0,602,0,0
123,123,2846,0,0,2949,0,0,1772,0,0,357,0,0
124,124,3173,0,0,3479,0,0,2227,0,0,572,0,0
125,125,2308,0,0,2699,0,0,2155,0,0,642,0,0
126,126,2489,0,0,3491,0,0,2226,0,0,420,0,0
127,127,2672,0,0,5740,0,0,1873,0,0,246,0,0
128,128,2402,0,0,4768,0,0,2331,0,0,684,0,0
129,129,2787,0,0,3482,0,0,3124,0,0,1214,0,0
130,130,3226,0,0,5236,0,0,2778,0,0,699,0,0
131,131,3375,0,0,4375,0,0,2352,0,0,435,0,0
132,132,1701,0,0,1647,0,0,1731,0,0,676,0,0
133,133,2125,0,0,3221,0,0,2283,0,0,862,0,0
134,134,1674,0,0,3215,0,0,2575,0,0,1108,0,0
135,135,2142,0,0,3327,0,0,1955,0,0,428,0,0
136,136,3292,0,0,2906,0,0,2047,0,0,504,0,0
137,137,2105,0,0,3147,0,0,1800,0,0,387,0,0
138,138,2594,0,0,3144,0,0,2402,0,0,700,0,0
139,139,2647,0,0,4190,0,0,2375,0,0,659,0,0
140,140,3422,0,0,3176,0,0,2090,0,0,485,0,0
141,141,2662,0,0,3783,0,0,2313,0,0,758,0,0
142,142,2469,0,0,2317,0,0,2708,0,0,799,0,0
143,143,1963,0,0,1950,0,0,2123,0,0,704,0,0
144,144,2520,0,0,2750,0,0,2265,0,0,576,0,0
145,145,2697,0,0,2671,0,0,2633,0,0,666,0,0
146,146,2091,0,0,2356,0,0,2410,0,0,798,0,0
147,147,2726,0,0,2719,0,0,1984,0,0,498,0,0
148,148,2463,0,0,2238,0,0,2553,0,0,659,0,0
149,149,2377,0,0,2839,0,0,2517,0,0,776,0,0
150,150,1758,0,0,2010,0,0,2330,0,0,875,0,0
151,151,3501,0,0,3308,0,0,3986,0,0,1444,0,0
152,152,2387,0,0,2326,0,0,2537,0,0,1012,0,0
153,153,2471,0,0,2298,0,0,2239,0,0,817,0,0
154,154,1923,0,0,1887,0,0,2343,0,0,809,0,0
155,155,2379,0,0,2224,0,0,2661,0,0,774,0,0
156,156,2557,0,0,2920,0,0,2534,0,0,797,0,0
157,157,1928,0,0,1937,0,0,2132,0,0,993,0,0
158,158,2123,0,0,2231,0,0,2577,0,0,833,0,0
159,159,2094,0,0,2208,0,0,2267,0,0,415,0,0
160,160,2468,10,0,3083,0,0,2791,0,0,750,0,0
161,161,2468,0,0,3596,0,0,2482,0,0,891,0,0
162,162,2362,0,0,4252,0,0,2378,0,0,509,0,0
163,163,3094,0,0,3259,0,0,2109,10,0,737,0,0
164,164,2568,0,0,4626,0,0,1975,0,0,521,0,0
165,165,2507,0,0,4154,0,0,2253,10,0,550,0,0
166,166,4033,10,0,4967,0,0,2482,0,0,619,0,0
167,167,2614,0,0,4864,0,0,1815,0,0,600,0,0
168,168,3231,0,0,4305,0,0,2284,0,0,416,0,0
169,169,2599,0,0,6292,0,0,1938,0,0,411,0,0
170,170,1687,0,0,3764,0,0,1733,0,0,470,0,0
171,171,3281,0,0,4376,0,0,2124,0,0,683,0,0
172,172,2711,0,0,5357,0,0,1999,0,0,357,0,0
173,173,2193,0,0,3188,0,0,1710,0,0,486,0,0
174,174,3322,0,0,4236,0,0,1855,0,0,351,0,0
175,175,2293,0,0,4751,0,0,1657,0,0,438,0,0
176,176,2562,0,0,3765,0,0,1765,0,0,583,0,0
177,177,2136,0,0,3558,0,0,2346,0,0,572,0,0
178,178,3610,0,0,4525,0,0,1770,0,0,346,0,0
179,179,2885,0,0,4184,0,0,2295,0,0,590,0,0
180,180,2333,0,0,3801,0,0,1638,0,0,408,0,0
181,181,4436,0,0,4231,0,0,1927,0,0,497,0,0
182,182,3905,0,0,3050,0,0,1527,0,0,401,0,0
183,183,2740,0,0,2927,0,0,1141,0,0,275,0,0
184,184,3445,0,0,3121,0,0,1573,0,0,401,0,0
185,185,3851,0,0,3238,0,0,1334,0,0,280,0,0
186,186,2405,0,0,3890,0,0,2097,0,0,392,0,0
187,187,2364,0,0,3867,0,0,1973,0,0,391,0,0
188,188,2588,0,0,4191,0,0,2160,0,0,471,0,0
189,189,2869,0,0,3477,0,0,2820,0,0,667,0,0
190,190,2501,0,0,2910,0,0,2144,0,0,532,0,0
191,191,2997,0,0,3627,0,0,2364,0,0,605,0,0
192,192,3138,0,0,3152,0,0,2068,0,0,388,0,0
193,193,2803,0,0,2906,0,0,2357,0,0,348,0,0
194,194,2596,0,0,3580,0,0,2185,0,0,486,0,0
195,195,3310,0,0,3635,0,0,1975,0,0,336,0,0
196,196,2665,0,0,2939,0,0,2328,0,0,554,0,0
197,197,2627,0,0,2927,0,0,1978,0,0,405,0,0
198,198,3277,0,0,3331,0,0,2438,0,0,574,0,0
199,199,3488,0,0,3914,0,0,2256,0,0,548,0,0
200,200,3117,0,0,3378,0,0,2301,0,0,360,0,0
201,201,4167,0,0,4308,0,0,2025,0,0,402,0,0
202,202,3213,0,0,3260,0,0,2058,0,0,302,0,0
203,203,2696,0,0,3296,0,0,2154,0,0,366,0,0
204,204,2098,0,0,2412,0,0,2771,0,0,813,0,0
205,205,3533,0,0,3529,0,0,1934,0,0,310,0,0
206,206,4038,0,0,4689,0,0,2109,0,0,291,0,0
207,207,1757,0,0,1931,0,0,2054,0,0,503,0,0
208,208,3156,0,0,5100,0,0,2443,0,0,622,0,0
209,209,1844,0,0,2654,0,0,1693,0,0,750,0,0
210,210,4163,0,0,5502,0,0,2176,0,0,361,0,0
211,211,2475,0,0,1940,0,0,1937,0,0,430,0,0
212,212,1843,0,0,1855,0,0,2852,0,0,985,0,0
213,213,3559,0,0,6586,0,0,2088,0,0,511,0,0
214,214,3910,0,0,3835,0,0,2488,0,0,601,0,0
215,215,2315,0,0,3539,0,0,2006,0,0,463,0,0
216,216,3941,0,0,2612,0,0,1661,0,0,421,0,0
217,217,2405,0,0,3371,0,0,1859,0,0,381,0,0
218,218,2707,0,0,2328,0,0,2121,0,0,453,0,0
219,219,2015,0,0,2018,0,0,2704,0,0,782,0,0
220,220,3341,0,0,3721,0,0,3590,0,0,840,0,0
221,221,2061,0,0,2159,0,0,2644,0,0,906,0,0
222,222,2530,0,0,2091,0,0,1734,0,0,436,0,0
223,223,2922,0,0,3665,0,0,3076,0,0,873,0,0
224,224,2066,0,0,2057,0,0,2752,0,0,753,0,0
225,225,1814,0,0,1767,0,0,2059,0,0,659,0,0
226,226,2033,0,0,2346,0,0,1656,0,0,490,0,0
227,227,2664,0,0,2970,0,0,2520,0,0,599,0,0
228,228,2034,0,0,2207,0,0,2285,0,0,570,0,0
229,229,2430,0,0,2563,0,0,2497,0,0,524,0,0
230,230,2049,0,0,2082,0,0,2674,0,0,880,0,0
231,231,3125,0,0,3565,0,0,2267,0,0,459,0,0
232,232,2533,0,0,3295,0,0,2341,0,0,654,0,0
233,233,3599,0,0,3707,0,0,2306,0,0,541,0,0
234,234,2137,0,0,2494,0,0,1659,0,0,400,0,0
235,235,2227,0,0,2586,0,0,1673,0,0,376,0,0
236,236,2588,0,0,3204,0,0,2085,0,0,590,0,0
237,237,2198,0,0,3049,0,0,1839,0,0,409,0,0
238,238,3131,0,0,3047,0,0,1868,0,0,395,0,0
239,239,3363,0,0,2771,0,0,2069,0,0,475,0,0
240,240,3684,0,0,3862,0,0,2251,0,0,708,0,0
241,241,2245,0,0,3308,0,0,1704,0,0,419,0,0
242,242,2421,0,0,2622,0,0,1806,0,0,626,0,0
243,243,1874,0,0,2032,0,0,1900,0,0,494,0,0
244,244,2328,0,0,2590,0,0,2056,0,0,501,0,0
245,245,4144,0,0,4981,0,0,1878,0,0,428,0,0
246,246,3219,0,0,3120,0,0,2307,0,0,667,0,0
247,247,2543,0,0,2993,0,0,2322,0,0,544,0,0
248,248,2938,0,0,3147,0,0,2495,0,0,705,0,0
249,249,2292,0,0,3794,0,0,2062,0,0,527,0,0
250,250,3863,0,0,6573,0,0,3063,0,0,939,0,0
251,251,2239,0,0,2893,0,0,1480,0,0,359,0,0
252,252,1970,0,0,2127,0,0,1625,0,0,331,0,0
253,253,2912,0,0,3396,0,0,2358,0,0,668,0,0
254,254,3845,0,0,5134,0,0,2327,0,0,527,0,0
255,255,2608,0,0,3822,0,0,2019,0,0,461,0,0
256,256,3842,0,0,4395,0,0,2913,0,0,737,0,0
257,257,2236,0,0,3600,0,0,2036,0,0,561,0,0
258,258,3221,0,0,4587,0,0,2318,0,0,550,0,0
259,259,3985,0,0,4163,0,0,2702,0,0,606,0,0
260,260,2286,0,0,2931,0,0,1732,0,0,356,0,0
261,261,2429,0,0,3565,0,0,2426,0,0,524,0,0
262,262,2377,0,0,3156,0,0,2063,0,0,425,0,0
263,263,2662,0,0,3092,0,0,1632,0,0,392,0,0
264,264,1975,0,0,2659,0,0,1912,0,0,349,0,0
265,265,1858,0,0,2255,0,0,1844,0,0,513,0,0
266,266,4959,0,0,5393,0,0,3272,0,0,531,0,0
267,267,2283,0,0,2650,0,0,2000,0,0,539,0,0
268,268,1906,0,0,2859,0,0,1436,0,0,331,0,0
269,269,2749,0,0,2607,0,0,1821,0,0,475,0,0
270,270,3837,0,0,3366,0,0,2075,0,0,559,0,0
271,271,5192,0,0,4871,0,0,2630,0,0,360,0,0
272,272,2563,0,0,2880,0,0,2426,0,0,663,0,0
273,273,3259,0,0,3362,0,0,2159,0,0,531,0,0
274,274,4098,0,0,3512,0,0,2067,0,0,377,0,0
275,275,3320,0,0,3007,0,0,2079,0,0,434,0,0
276,276,2526,0,0,3297,0,0,2222,0,0,609,0,0
277,277,1825,0,0,1973,0,0,2085,0,0,552,0,0
278,278,1946,0,0,3128,0,0,2518,0,0,925,0,0
279,279,1978,0,0,2249,0,0,2185,0,0,744,0,0
280,280,4275,0,0,4061,0,0,2460,0,0,542,0,0
281,281,1866,0,0,1845,0,0,2128,0,0,758,0,0
282,282,2803,0,0,2525,0,0,1338,0,0,283,0,0
283,283,3012,0,0,4147,0,0,2310,0,0,784,0,0
284,284,3335,0,0,3524,0,0,2397,0,0,576,0,0
285,285,1772,0,0,1938,0,0,2091,0,0,671,0,0
286,286,3443,0,0,3117,0,0,2327,0,0,538,0,0
287,287,2808,0,0,3239,0,0,2175,0,0,821,0,0
288,288,3079,0,0,4203,0,0,2331,0,0,837,0,0
289,289,2579,0,0,3209,0,0,2959,0,0,873,0,0
290,290,2183,0,0,2707,0,0,2471,0,0,702,0,0
291,291,3793,0,0,3541,0,0,2249,0,0,469,0,0
292,292,3265,0,0,3281,0,0,2053,0,0,437,0,0
293,293,4285,0,0,3987,0,0,2264,0,0,490,0,0
294,294,2606,0,0,3071,0,0,2326,0,0,605,0,0
295,295,3510,0,0,3205,0,0,2032,0,0,407,0,0
296,296,2193,0,0,2730,0,0,2550,0,0,738,0,0
297,297,2271,0,0,3865,0,0,2277,0,0,530,0,0
298,298,3487,0,0,3398,0,0,1909,0,0,414,0,0
299,299,3410,0,0,3640,0,0,2544,0,0,559,0,0
300,300,2466,0,0,3535,0,0,1899,0,0,497,0,0
301,301,4767,0,0,4685,0,0,2476,0,0,426,0,0
302,302,3271,0,0,4365,0,0,2589,0,0,594,0,0
303,303,2997,0,0,5369,0,0,2586,0,0,655,0,0
304,304,2732,0,0,2895,0,0,1743,0,0,169,0,0
305,305,6033,0,0,7245,0,0,2620,0,0,199,0,0
306,306,3705,0,0,3465,0,0,2093,0,0,436,0,0
307,307,4066,0,0,8065,0,0,2106,0,0,288,0,0
308,308,3313,0,0,3309,0,0,1685,0,0,283,0,0
309,309,3333,0,0,4368,0,0,2338,0,0,447,0,0
310,310,3782,0,0,5627,0,0,2134,0,0,338,0,0
311,311,2574,0,0,2764,0,0,1713,0,0,257,0,0
312,312,2713,0,0,3059,0,0,1663,0,0,284,0,0
313,313,3974,0,0,4931,0,0,2047,0,0,375,0,0
314,314,2742,0,0,3082,0,0,1751,0,0,422,0,0
315,315,2349,0,0,3227,0,0,1565,0,0,313,0,0
316,316,2765,0,0,2920,0,0,1310,0,0,152,0,0
317,317,1777,0,0,2932,0,0,1652,0,0,483,0,0
318,318,1852,0,0,2330,0,0,1748,0,0,384,0,0
319,319,2619,0,0,3482,0,0,1718,0,0,418,0,0
320,320,2268,0,0,2975,0,0,2081,0,0,406,0,0
321,321,1619,0,0,2892,0,0,1514,0,0,526,0,0
322,322,1972,0,0,2517,0,0,1730,0,0,394,0,0
323,323,1961,0,0,2420,0,0,1975,0,0,516,0,0
324,324,2659,0,0,2973,0,0,2186,0,0,509,0,0
325,325,1770,0,0,2122,0,0,1898,0,0,530,0,0
326,326,1694,0,0,2385,0,0,1783,0,0,659,0,0
327,327,2756,0,0,3012,0,0,1986,0,0,422,0,0
328,328,2547,0,0,1982,0,0,1318,0,0,367,0,0
329,329,2196,0,0,2276,0,0,1919,0,0,514,0,0
330,330,1869,0,0,2263,0,0,1877,0,0,544,0,0
331,331,4861,0,0,3150,0,0,1417,0,0,266,0,0
332,332,2585,0,0,3458,0,0,1525,0,0,289,0,0
333,333,3973,0,0,3067,0,0,1504,0,0,293,0,0
334,334,4223,0,0,3043,0,0,1506,0,0,275,0,0
335,335,3166,0,0,4980,0,0,1644,0,0,239,0,0
336,336,2270,0,0,5640,0,0,1492,0,0,274,0,0
337,337,2248,0,0,3265,0,0,1449,0,0,328,0,0
338,338,2043,0,0,4211,0,0,1608,0,0,334,0,0
339,339,3015,0,0,5376,0,0,1926,0,0,393,0,0
340,340,2337,0,0,4739,0,0,1778,0,0,429,0,0
341,341,1835,0,0,3939,0,0,1459,0,0,208,0,0
342,342,2523,0,0,2337,0,0,1509,0,0,295,0,0
343,343,2838,0,0,6597,0,0,2045,0,0,414,0,0
344,344,1962,0,0,3276,0,0,1253,0,0,259,0,0
345,345,3784,0,0,5512,0,0,2335,0,0,443,0,0
346,346,2143,0,0,5116,0,0,1457,0,0,250,0,0
347,347,2185,0,0,3684,0,0,1334,0,0,231,0,0
348,348,4265,0,0,5088,0,0,2306,0,0,412,0,0
349,349,2430,0,0,5433,0,0,2024,0,0,430,0,0
350,350,3061,0,0,9495,0,0,2401,0,0,488,0,0
351,351,2803,0,0,4121,0,0,1955,0,0,414,0,0
352,352,2853,0,0,6750,0,0,1808,0,0,183,0,0
353,353,3006,0,0,5289,0,0,1951,0,0,386,0,0
354,354,3831,0,0,8015,0,0,2198,0,0,359,0,0
355,355,2804,0,0,5208,0,0,1716,0,0,238,0,0
356,356,5348,0,0,8824,0,0,1691,0,0,311,0,0
357,357,3269,0,0,4153,0,0,2056,0,0,400,0,0
358,358,2606,0,0,2439,0,0,1433,0,0,262,0,0
359,359,2178,0,0,2815,0,0,1465,0,0,356,0,0
360,360,2031,0,0,3155,0,0,1507,0,0,305,0,0
361,361,1756,0,0,3508,0,0,1369,0,0,274,0,0
362,362,2426,0,0,3613,0,0,1835,0,0,369,0,0
363,363,1613,0,0,3262,0,0,1373,0,0,283,0,0
364,364,2240,0,0,3300,0,0,1808,0,0,502,0,0
365,365,1853,0,0,2331,0,0,1368,0,0,295,0,0
366,366,2509,0,0,3447,0,0,1708,0,0,303,0,0
367,367,1588,0,0,2723,0,0,1382,0,0,224,0,0
368,368,2221,0,0,4215,0,0,1997,0,0,519,0,0
369,369,2048,0,0,3165,0,0,1667,0,0,465,0,0
370,370,1405,0,0,3440,0,0,1005,0,0,174,0,0
371,371,2567,0,0,3465,0,0,1747,0,0,321,0,0
372,372,1775,0,0,2761,0,0,1229,0,0,255,0,0
373,373,2300,0,0,4205,0,0,1728,0,0,464,0,0
374,374,2571,0,0,3410,0,0,1895,0,0,529,0,0
375,375,1930,0,0,2983,0,0,1222,0,0,251,0,0
376,376,2312,0,0,3431,0,0,1861,0,0,382,0,0
377,377,2882,0,0,4445,0,0,1819,0,0,362,0,0
378,378,1670,0,0,2811,0,0,1128,0,0,288,0,0
379,379,2751,0,0,4222,0,0,1851,0,0,353,0,0
380,380,1718,0,0,2541,0,0,1476,0,0,445,0,0
381,381,2286,0,0,2827,0,0,1649,0,0,295,0,0
382,382,2447,0,0,3936,0,0,1863,0,0,333,0,0
383,383,2977,0,0,2874,0,0,1762,0,0,279,0,0
384,384,2560,0,0,3361,0,0,1847,0,0,393,0,0
385,385,2477,0,0,2313,0,0,1650,0,0,281,0,0
386,386,2401,0,0,2513,0,0,1585,0,0,276,0,0
387,387,2168,0,0,4199,0,0,1522,0,0,318,0,0
388,388,2432,0,0,3502,0,0,1580,0,0,354,0,0
389,389,2007,0,0,2432,0,0,1758,0,0,299,0,0
390,390,2122,0,0,3270,0,0,1546,0,0,284,0,0
391,391,2532,0,0,3191,0,0,1607,0,0,357,0,0
392,392,3301,0,0,3073,0,0,1758,0,0,325,0,0
393,393,2123,0,0,2426,0,0,1554,0,0,311,0,0
394,394,2022,0,0,2622,0,0,1742,0,0,322,0,0
395,395,4059,0,0,4473,0,0,1853,0,0,305,0,0
396,396,2239,0,0,3799,0,0,1466,0,0,339,0,0
397,397,2505,0,0,2750,0,0,1905,0,0,471,0,0
398,398,2112,0,0,3228,0,0,1522,0,0,271,0,0
399,399,1958,0,0,3496,0,0,1435,0,0,345,0,0
400,400,2259,0,0,3656,0,0,1786,0,0,323,0,0
401,401,1698,0,0,2630,0,0,1763,0,0,482,0,0
402,402,1461,0,0,1925,0,0,1685,0,0,356,0,0
403,403,2411,0,0,4702,0,0,1505,0,0,338,0,0
404,404,2380,0,0,3764,0,0,1811,0,0,288,0,0
405,405,2665,0,0,3672,0,0,1605,0,0,331,0,0
406,406,2607,0,0,3780,0,0,1701,0,0,373,0,0
407,407,1838,0,0,4043,0,0,1279,0,0,274,0,0
408,408,1910,0,0,3087,0,0,1653,0,0,231,0,0
409,409,3944,0,0,2501,0,0,1198,0,0,224,0,0
410,410,1607,0,0,2319,0,0,1704,0,0,526,0,0
411,411,1670,0,0,3808,0,0,1276,0,0,217,0,0
412,412,2631,0,0,3732,0,0,1539,0,0,295,0,0
413,413,1791,0,0,3014,0,0,1859,0,0,392,0,0
414,414,1524,0,0,3717,0,0,1720,0,0,260,0,0
415,415,1595,0,0,2964,0,0,1306,0,0,358,0,0
416,416,1421,0,0,3389,0,0,1324,0,0,206,0,0
417,417,2101,0,0,2515,0,0,2329,0,0,1317,0,0
418,418,2764,0,0,3473,0,0,2554,0,0,828,0,0
419,419,2315,0,0,2592,0,0,2144,0,0,788,0,0
420,420,1325,0,0,1491,0,0,2060,0,0,691,0,0
421,421,2565,0,0,2699,0,0,2481,0,0,819,0,0
422,422,2266,0,0,2532,0,0,2236,0,0,818,0,0
423,423,2950,0,0,3404,0,0,2158,0,0,557,0,0
424,424,3005,0,0,3162,0,0,2715,0,0,679,0,0
425,425,1997,0,0,2339,0,0,2124,0,0,662,0,0
426,426,3002,0,0,3504,0,0,2175,0,0,417,0,0
427,427,3587,0,0,3819,0,0,2258,0,0,597,0,0
428,428,2863,0,0,3156,0,0,2275,0,0,575,0,0
429,429,3672,0,0,4314,0,0,2484,0,0,646,0,0
430,430,2188,0,0,2361,0,0,2114,0,0,498,0,0
431,431,1940,0,0,2239,0,0,2142,0,0,705,0,0
432,432,2526,0,0,3108,0,0,2126,0,0,540,0,0
433,433,1879,0,0,2186,0,0,2028,0,0,560,0,0
434,434,2500,0,0,4049,0,0,1657,0,0,376,0,0
435,435,2521,0,0,3268,0,0,1970,0,0,454,0,0
436,436,2193,0,0,2152,0,0,2103,0,0,642,0,0
437,437,2823,0,0,4327,0,0,1779,0,0,582,0,0
438,438,2271,0,0,2680,0,0,1851,0,0,483,0,0
439,439,1877,0,0,2273,0,0,1912,0,0,554,0,0
440,440,3069,0,0,3542,0,0,2146,0,0,475,0,0
441,441,2428,0,0,2529,0,0,1548,0,0,292,0,0
442,442,2773,0,0,2796,0,0,1504,0,0,407,0,0
443,443,2091,0,0,2529,0,0,1713,0,0,470,0,0
444,444,2905,0,0,2774,0,0,2242,0,0,421,0,0
445,445,2629,0,0,2590,0,0,1890,0,0,594,0,0
446,446,3276,0,0,3502,0,0,2144,0,0,424,0,0
447,447,2944,0,0,2866,0,0,2397,0,0,693,0,0
448,448,4334,0,0,4011,0,0,2398,0,0,484,0,0
449,449,2621,0,0,2697,0,0,2301,0,0,715,0,0
450,450,2457,0,0,2495,0,0,1804,0,0,541,0,0
451,451,2378,0,0,3306,0,0,2568,0,0,871,0,0
452,452,1979,0,0,2006,0,0,2669,0,0,916,0,0
453,453,2683,0,0,3039,0,0,2701,0,0,780,0,0
454,454,3143,0,0,3538,0,0,2826,0,0,884,0,0
455,455,2884,0,0,3224,0,0,2279,0,0,758,0,0
456,456,2544,0,0,3394,0,0,2910,0,0,1069,0,0
457,457,3053,0,0,4504,0,0,2002,0,0,669,0,0
458,458,2691,0,0,3164,0,0,2835,0,0,862,0,0
459,459,1450,0,0,1471,0,0,2155,0,0,770,0,0
460,460,2922,0,0,3830,0,0,2184,0,0,509,0,0
461,461,4283,0,0,4980,0,0,2703,0,0,747,0,0
462,462,2221,0,0,2287,0,0,2389,0,0,1144,0,0
463,463,1758,0,0,1837,0,0,2047,0,0,863,0,0
464,464,2020,0,0,2586,0,0,2441,0,0,929,0,0
465,465,2317,0,0,2550,0,0,2754,0,0,726,0,0
466,466,2473,0,0,2960,0,0,2415,0,0,779,0,0
467,467,1911,0,0,2328,0,0,2451,0,0,855,0,0
468,468,2030,0,0,1942,0,0,2841,0,0,932,0,0
469,469,1887,0,0,2101,0,0,2594,0,0,699,0,0
470,470,2665,0,0,2855,0,0,2371,0,0,723,0,0
471,471,2411,0,0,2510,0,0,2253,0,0,841,0,0
472,472,3325,0,0,3349,0,0,2460,0,0,704,0,0
473,473,1784,0,0,1859,0,0,2119,0,0,742,0,0
474,474,2363,0,0,2390,0,0,1630,0,0,449,0,0
475,475,1870,0,0,2292,0,0,2620,0,0,914,0,0
476,476,2878,0,0,3855,0,0,2692,0,0,992,0,0
477,477,2104,0,0,2441,0,0,2339,0,0,693,0,0
478,478,2692,0,0,3154,0,0,2620,0,0,825,0,0
479,479,1642,0,0,1938,0,0,2019,0,0,556,0,0
480,480,2070,0,0,2256,0,0,2442,0,0,874,0,0
481,481,2108,0,0,2656,0,0,2611,0,0,912,0,0
482,482,2363,0,0,2852,0,0,2488,0,0,706,0,0
483,483,2535,0,0,3296,0,0,1974,0,0,756,0,0
484,484,2701,0,0,3456,0,0,2399,0,0,570,0,0
485,485,2115,0,0,2285,0,0,2280,0,0,802,0,0
486,486,2123,0,0,2331,0,0,2630,0,0,809,0,0
487,487,2764,0,0,2970,0,0,2016,0,0,501,0,0
488,488,5297,0,0,4247,0,0,1729,0,0,474,0,0
489,489,5905,0,0,4220,0,0,1698,0,0,371,0,0
490,490,2998,0,0,3077,0,0,2356,0,0,674,0,0
491,491,3408,0,0,3372,0,0,2519,0,0,677,0,0
492,492,3129,0,0,3210,0,0,1976,0,0,515,0,0
493,493,3883,0,0,3894,0,0,1913,0,0,359,0,0
494,494,3642,0,0,4202,0,0,2328,0,0,545,0,0
495,495,4240,0,0,4871,0,0,2476,0,0,518,0,0
496,496,3139,0,0,3712,0,0,2005,0,0,336,0,0
497,497,3823,0,0,3746,0,0,2177,0,0,382,0,0
498,498,2953,0,0,3347,0,0,2134,0,0,450,0,0
499,499,3261,0,0,3414,0,0,2050,0,0,520,0,0
500,500,4925,0,0,5467,0,0,2817,0,0,595,0,0
501,501,4821,0,0,5517,0,0,2363,0,0,445,0,0
502,502,3296,0,0,3794,0,0,2000,0,0,534,0,0
503,503,3973,0,0,4965,0,0,2264,0,0,447,0,0
504,504,2269,0,0,3592,0,0,1813,0,0,442,0,0
505,505,3382,0,0,4364,0,0,2110,0,0,413,0,0
506,506,2309,0,0,3414,0,0,2300,0,0,490,0,0
507,507,3693,0,0,5332,0,0,2811,0,0,546,0,0
508,508,3065,0,0,3333,0,0,2075,0,0,484,0,0
509,509,2858,0,0,2503,0,0,1638,0,0,322,0,0
510,510,3341,0,0,4110,0,0,2415,0,0,612,0,0
511,511,2594,0,0,3144,0,0,2713,0,0,560,0,0
512,512,2388,0,0,3311,0,0,2267,0,0,472,0,0
513,513,2376,0,0,3350,0,0,1857,0,0,462,0,0
514,514,2737,0,0,3567,0,0,2407,0,0,571,0,0
515,515,2872,0,0,3689,0,0,2241,0,0,528,0,0
516,516,2393,0,0,3941,0,0,2071,0,0,569,0,0
517,517,3137,0,0,3914,0,0,2126,0,0,450,0,0
518,518,3469,0,0,4685,0,0,2292,0,0,518,0,0
519,519,3383,0,0,4729,0,0,2329,0,0,576,0,0
520,520,2991,0,0,3923,0,0,2225,0,0,525,0,0
521,521,3673,0,0,5077,0,0,2282,0,0,604,0,0
522,522,4300,0,0,6500,0,0,2373,0,0,476,0,0
523,523,2395,0,0,2967,0,0,2265,0,0,545,0,0
524,524,2895,0,0,3232,0,0,2128,0,0,454,0,0
525,525,3222,0,0,3960,0,0,2134,0,0,411,0,0
526,526,3167,0,0,3689,0,0,2508,0,0,601,0,0
527,527,3572,0,0,3679,0,0,2221,0,0,539,0,0
528,528,3736,0,0,4167,0,0,2904,0,0,729,0,0
529,529,3993,0,0,4503,0,0,2202,0,0,368,0,0
530,530,3297,0,0,3341,0,0,2076,0,0,399,0,0
531,531,3384,0,0,3611,0,0,1820,0,0,327,0,0
532,532,2388,0,0,2630,0,0,1776,0,0,418,0,0
533,533,3167,0,0,4378,0,0,2123,0,0,354,0,0
534,534,3123,0,0,4258,0,0,2075,0,0,461,0,0
535,535,3320,0,0,5516,0,0,2174,0,0,395,0,0
536,536,2434,0,0,4017,0,0,1927,0,0,498,0,0
537,537,3680,0,0,4222,0,0,1878,0,0,414,0,0
538,538,2945,0,0,5462,0,0,1825,0,0,292,0,0
539,539,2750,0,0,4556,0,0,1384,0,0,321,0,0
540,540,2579,0,0,3773,0,0,1880,0,0,327,0,0
541,541,2509,0,0,4118,0,0,1802,0,0,410,0,0
542,542,2839,0,0,3767,0,0,1634,0,0,377,0,0
543,543,4000,0,0,7570,0,0,1880,0,0,353,0,0
544,544,2922,0,0,4225,0,0,1606,0,0,301,0,0
545,545,2355,0,0,4727,0,0,1951,0,0,350,0,0
546,546,2891,0,0,6006,0,0,2190,0,0,441,0,0
547,547,4994,0,0,5482,0,0,1957,0,0,476,0,0
548,548,3004,0,0,5319,0,0,2240,0,0,560,0,0
549,549,2476,0,0,5017,0,0,2091,0,0,373,0,0
550,550,2502,0,0,4408,0,0,1884,0,0,397,0,0
551,551,3620,0,0,3618,0,0,1611,0,0,418,0,0
552,552,2631,0,0,5289,0,0,2060,0,0,419,0,0
553,553,2997,0,0,4480,0,0,1746,0,0,365,0,0
554,554,5839,0,0,6733,0,0,2191,0,0,375,0,0
555,555,4350,0,0,5151,0,0,1872,0,0,465,0,0
556,556,1977,0,0,2508,0,0,1829,0,0,439,0,0
557,557,1799,0,0,1913,0,0,1644,0,0,493,0,0
558,558,2225,0,0,3163,0,0,2315,0,0,442,0,0
559,559,1861,0,0,3430,0,0,2287,0,0,424,0,0
560,560,1921,0,0,2182,0,0,1954,0,0,565,0,0
561,561,1695,0,0,3261,0,0,1741,0,0,570,0,0
562,562,1706,0,0,2792,0,0,2013,0,0,445,0,0
563,563,2158,0,0,3154,0,0,2150,0,0,581,0,0
564,564,2036,0,0,3204,0,0,2190,0,0,594,0,0
565,565,2270,0,0,3125,0,0,1895,0,0,373,0,0
566,566,2051,0,0,2830,0,0,2014,0,0,539,0,0
567,567,1746,0,0,3192,0,0,2299,0,0,619,0,0
568,568,2629,0,0,3942,0,0,1715,0,0,398,0,0
569,569,1568,0,0,2511,0,0,2140,0,0,642,0,0
570,570,1733,0,0,3090,0,0,1694,0,0,306,0,0
571,571,1785,0,0,3065,0,0,1629,0,0,428,0,0
572,572,2261,0,0,3578,0,0,1844,0,0,405,0,0
573,573,1543,0,0,2690,0,0,2629,0,0,918,0,0
574,574,1919,0,0,2860,0,0,2125,0,0,603,0,0
575,575,2019,0,0,3261,0,0,1958,0,0,462,0,0
576,576,1884,0,0,2765,0,0,2056,0,0,528,0,0
577,577,2592,0,0,2687,0,0,2353,0,0,564,0,0
578,578,2976,0,0,2417,0,0,2280,0,0,779,0,0
579,579,3287,0,0,3843,0,0,1870,0,0,553,0,0
580,580,4530,0,0,5475,0,0,2592,0,0,462,0,0
581,581,4470,0,0,4737,0,0,1938,0,0,447,0,0
582,582,3078,0,0,3349,0,0,1953,0,0,437,0,0
583,583,2725,0,0,3676,0,0,2402,0,0,526,0,0
584,584,2329,0,0,2968,0,0,2391,0,0,650,0,0
585,585,3113,0,0,5433,0,0,2115,0,0,518,0,0
586,586,3508,0,0,2661,0,0,1483,0,0,352,0,0
587,587,1889,0,0,4061,0,0,1275,0,0,347,0,0
588,588,2089,0,0,2532,0,0,2401,0,0,670,0,0
589,589,2046,0,0,3827,0,0,1657,0,0,561,0,0
590,590,2103,0,0,2261,0,0,2314,0,0,682,0,0
591,591,2072,0,0,2741,0,0,2564,0,0,805,0,0
592,592,2421,0,0,3409,0,0,1896,0,0,602,0,0
593,593,2831,0,0,3467,0,0,2299,0,0,478,0,0
594,594,2206,0,0,2714,0,0,2170,0,0,628,0,0
595,595,1631,0,0,2230,0,0,1730,0,0,412,0,0
596,596,2758,0,0,3164,0,0,2420,0,0,588,0,0
597,597,2502,0,0,3936,0,0,2248,0,0,408,0,0
598,598,2763,0,0,5317,0,0,1993,0,0,443,0,0
599,599,2722,0,0,6438,0,0,2168,0,0,396,0,0
600,600,2372,0,0,4625,0,0,1686,0,0,286,0,0
601,601,2228,0,0,3623,0,0,1886,0,0,378,0,0
602,602,2329,0,0,4698,0,0,1566,0,0,320,0,0
603,603,2584,0,0,3949,0,0,1587,0,0,265,0,0
604,604,2791,0,0,3491,0,0,1918,0,0,237,0,0
605,605,2991,0,0,5013,0,0,1593,0,0,400,0,0
606,606,2848,0,0,4527,0,0,1989,0,0,400,0,0
607,607,2218,0,0,5269,0,0,1536,0,0,242,0,0
608,608,1890,0,0,4521,0,0,1395,0,0,257,0,0
609,609,2541,0,0,4576,0,0,1929,0,0,385,0,0
610,610,2165,0,0,5846,0,0,1112,0,0,257,0,0
611,611,2426,0,0,4761,0,0,1693,0,0,289,0,0
612,612,1793,0,0,3482,0,0,1304,0,0,301,0,0
613,613,2328,0,0,4936,0,0,1710,0,0,254,0,0
614,614,2085,0,0,4481,0,0,1409,0,0,253,0,0
615,615,1997,0,0,5207,0,0,1524,0,0,317,0,0
616,616,2869,0,0,5757,0,0,1812,0,0,400,0,0
617,617,2399,0,0,3946,0,0,1685,0,0,225,0,0
618,618,2721,0,0,5124,0,0,1621,0,0,387,0,0
619,619,2977,0,0,3684,0,0,1775,0,0,309,0,0
620,620,2904,0,0,4376,0,0,2144,0,0,432,0,0
621,621,2456,0,0,5085,0,0,1671,0,0,349,0,0
622,622,2572,0,0,4395,0,0,1783,0,0,308,0,0
623,623,2956,0,0,4583,0,0,1901,0,0,333,0,0
624,624,2493,0,0,5574,0,0,1927,0,0,417,0,0
625,625,2631,0,0,3947,0,0,2166,0,0,549,0,0
626,626,3045,0,0,3335,0,0,1654,0,0,363,0,0
627,627,3624,0,0,7214,0,0,2320,0,0,412,0,0
628,628,2360,0,0,3474,0,0,1694,0,0,267,0,0
629,629,2386,0,0,4127,0,0,2137,0,0,464,0,0
630,630,2388,0,0,3141,0,0,1794,0,0,485,0,0
631,631,3624,0,0,5829,0,0,1678,0,0,242,0,0
632,632,3021,0,0,3756,0,0,1624,0,0,263,0,0
633,633,3150,0,0,4442,0,0,1476,0,0,282,0,0
634,634,3075,0,0,4805,0,0,1625,0,0,259,0,0
635,635,2636,0,0,4118,0,0,1794,0,0,326,0,0
636,636,2235,0,0,3699,0,0,1717,0,0,336,0,0
637,637,2319,0,0,4567,0,0,1387,0,0,255,0,0
638,638,1614,0,0,3273,0,0,1470,0,0,454,0,0
639,639,2786,0,0,4102,0,0,1694,0,0,232,0,0
640,640,2051,0,0,3457,0,0,1627,0,0,271,0,0
641,641,4092,0,0,7604,0,0,2134,0,0,487,0,0
642,642,2489,0,0,4039,0,0,1797,0,0,409,0,0
643,643,2274,0,0,3160,0,0,1542,0,0,389,0,0
644,644,2030,0,0,3198,0,0,1475,0,0,309,0,0
645,645,2149,0,0,3172,0,0,1785,0,0,383,0,0
646,646,2239,0,0,3966,0,0,1667,0,0,308,0,0
647,647,2097,0,0,2798,0,0,1477,0,0,273,0,0
648,648,2408,0,0,4182,0,0,1794,0,0,354,0,0
649,649,3214,0,0,4399,0,0,1945,0,0,405,0,0
650,650,2500,0,0,4014,0,0,1848,0,0,335,0,0
651,651,2768,0,0,3255,0,0,2190,0,0,453,0,0
652,652,2582,0,0,3601,0,0,2305,0,0,488,0,0
653,653,2321,0,0,3901,0,0,1697,0,0,390,0,0
654,654,2344,0,0,2753,0,0,1979,0,0,432,0,0
655,655,2414,0,0,2507,0,0,1571,0,0,359,0,0
656,656,2535,0,0,3643,0,0,1801,0,0,381,0,0
657,657,2405,0,0,3434,0,0,1508,0,0,342,0,0
658,658,2861,0,0,3191,0,0,2208,0,0,478,0,0
659,659,3247,0,0,3153,0,0,2133,0,0,468,0,0
660,660,2075,0,0,2473,0,0,1539,0,0,399,0,0
661,661,2518,0,0,3495,0,0,1978,0,0,452,0,0
662,662,2644,0,0,2853,0,0,1664,0,0,284,0,0
663,663,2395,0,0,3652,0,0,1929,0,0,478,0,0
664,664,2713,0,0,3577,0,0,1721,0,0,305,0,0
665,665,1453,0,0,1500,0,0,1934,0,0,678,0,0
666,666,2101,0,0,3517,0,0,1542,0,0,342,0,0
667,667,1819,0,0,3383,0,0,1981,0,0,645,0,0
668,668,2263,0,0,5206,0,0,1547,0,0,368,0,0
669,669,2529,0,0,4627,0,0,1652,0,0,326,0,0
670,670,2331,0,0,3543,0,0,1986,0,0,528,0,0
671,671,2281,0,0,3858,0,0,1563,0,0,292,0,0
672,672,2375,0,0,4712,0,0,1540,0,0,283,0,0
673,673,2318,0,0,2812,0,0,2239,0,0,625,0,0
674,674,2460,0,0,3705,0,0,1694,0,0,431,0,0
675,675,2604,0,0,3690,0,0,1899,0,0,266,0,0
676,676,2689,0,0,3330,0,0,1988,0,0,440,0,0
677,677,3067,0,0,3316,0,0,1937,0,0,394,0,0
678,678,2326,0,0,2828,0,0,2141,0,0,679,0,0
679,679,2144,0,0,3928,0,0,1728,0,0,503,0,0
680,680,2673,0,0,3069,0,0,2229,0,0,521,0,0
681,681,3377,0,0,3656,0,0,1943,0,0,409,0,0
682,682,2635,0,0,2417,0,0,2069,0,0,333,0,0
683,683,2529,0,0,3148,0,0,2243,0,0,557,0,0
684,684,2171,0,0,2538,0,0,2314,0,0,659,0,0
685,685,2601,0,0,3090,0,0,2117,0,0,734,0,0
686,686,2755,0,0,3723,0,0,1963,0,0,425,0,0
687,687,2769,0,0,3055,0,0,2237,0,0,594,0,0
688,688,2193,0,0,2446,0,0,2205,0,0,587,0,0
689,689,2700,0,0,3725,0,0,1565,0,0,280,0,0
690,690,3049,0,0,2988,0,0,1404,0,0,341,0,0
691,691,2652,0,0,3434,0,0,1476,0,0,302,0,0
692,692,3260,0,0,3650,0,0,1469,0,0,265,0,0
693,693,3176,0,0,2885,0,0,1272,0,0,230,0,0
694,694,2709,0,0,4102,0,0,1618,0,0,318,0,0
695,695,2639,0,0,3294,0,0,1672,0,0,303,0,0
696,696,3743,0,0,4181,0,0,1660,0,0,317,0,0
697,697,2635,0,0,4283,0,0,1461,0,0,237,0,0
698,698,3730,0,0,4797,0,0,2239,0,0,479,0,0
699,699,3676,0,0,4141,0,0,1773,0,0,411,0,0
700,700,2922,0,0,5397,0,0,1647,0,0,275,0,0
701,701,8589,0,0,14174,0,0,1946,0,0,260,0,0
702,702,2975,0,0,3829,0,0,1528,0,0,275,0,0
703,703,2859,0,0,3464,0,0,1601,0,0,246,0,0
704,704,2422,0,0,3258,0,0,1455,0,0,271,0,0
705,705,2927,0,0,4043,0,0,1756,0,0,393,0,0
706,706,3839,0,0,4918,0,0,1913,0,0,325,0,0
707,707,3018,0,0,3187,0,0,1522,0,0,300,0,0
708,708,3282,0,0,4606,0,0,2122,0,0,356,0,0
709,709,2544,0,0,3320,0,0,1527,0,0,283,0,0
710,710,2889,0,0,3674,0,0,1593,0,0,442,0,0
711,711,3573,0,0,3556,0,0,1716,0,0,302,0,0
712,712,3854,0,0,3961,0,0,2013,0,0,380,0,0
713,713,3342,0,0,3794,0,0,1678,0,0,302,0,0
714,714,2709,0,0,3330,0,0,1445,0,0,252,0,0
715,715,2375,0,0,3146,0,0,1414,0,0,182,0,0
716,716,3200,0,0,3725,0,0,1746,0,0,285,0,0
717,717,3504,0,0,3434,0,0,1540,0,0,344,0,0
718,718,3493,0,0,4418,0,0,1908,0,0,381,0,0
719,719,3374,0,0,4102,0,0,1682,0,0,337,0,0
720,720,2947,0,0,3429,0,0,1793,0,0,242,0,0
721,721,3024,0,0,3804,0,0,1508,0,0,203,0,0
722,722,3918,0,0,7184,0,0,1952,0,0,368,0,0
723,723,2364,0,0,2771,0,0,1261,0,0,156,0,0
724,724,3188,0,0,3546,0,0,1761,0,0,276,0,0
725,725,4775,0,0,7980,0,0,1826,0,0,219,0,0
726,726,2762,0,0,3360,0,0,3396,0,0,1157,0,0
727,727,2435,0,0,2862,0,0,1931,0,0,396,0,0
728,728,2067,0,0,2452,0,0,1560,0,0,511,0,0
729,729,2009,0,0,2518,0,0,1786,0,0,402,0,0
730,730,1626,0,0,2055,0,0,1517,0,0,379,0,0
731,731,4194,0,0,5123,0,0,3514,0,0,874,0,0
732,732,3376,0,0,5532,0,0,3034,0,0,794,0,0
733,733,2005,0,0,1981,0,0,1749,0,0,497,0,0
734,734,4250,0,0,5313,0,0,3129,0,0,655,0,0
735,735,2326,0,0,2582,0,0,1669,0,0,556,0,0
736,736,1965,0,0,2375,0,0,1756,0,0,530,0,0
737,737,2481,0,0,2883,0,0,1786,0,0,442,0,0
738,738,2965,0,0,5212,0,0,3175,0,0,1097,0,0
739,739,2218,0,0,2584,0,0,1570,0,0,488,0,0
740,740,2764,0,0,3234,0,0,1825,0,0,539,0,0
741,741,1634,0,0,2004,0,0,1723,0,0,452,0,0
742,742,5817,0,0,5989,0,0,3206,0,0,814,0,0
743,743,2918,0,0,2938,0,0,1806,0,0,413,0,0
744,744,3326,0,0,3618,0,0,1664,0,0,333,0,0
745,745,3730,0,0,3937,0,0,2030,0,0,383,0,0
746,746,2661,0,0,2983,0,0,1578,0,0,359,0,0
747,747,2574,0,0,2750,0,0,1460,0,0,277,0,0
748,748,1686,0,0,2172,0,0,1846,0,0,400,0,0
749,749,3209,0,0,3857,0,0,1557,0,0,297,0,0
750,750,6761,0,0,7207,0,0,2838,0,0,586,0,0
751,751,5414,0,0,5536,0,0,3321,0,0,827,0,0
752,752,3981,0,0,4548,0,0,1618,0,0,449,0,0
753,753,3194,0,0,3000,0,0,1306,0,0,270,0,0
754,754,2874,0,0,3249,0,0,3102,0,0,831,0,0
755,755,2522,0,0,3709,0,0,2828,0,0,847,0,0
756,756,3248,0,0,4575,0,0,2992,0,0,667,0,0
757,757,3457,0,0,4998,0,0,2846,0,0,669,0,0
758,758,2720,0,0,3458,0,0,2357,0,0,579,0,0
759,759,1647,0,0,2613,0,0,1788,0,0,482,0,0
760,760,1960,0,0,2773,0,0,1644,0,0,275,0,0
761,761,1724,0,0,3034,0,0,1846,0,0,472,0,0
762,762,1892,0,0,2711,0,0,2046,0,0,584,0,0
763,763,2447,0,0,2999,0,0,2219,0,0,629,0,0
764,764,2036,0,0,2759,0,0,1747,0,0,447,0,0
765,765,2330,0,0,2096,0,0,2054,0,0,667,0,0
766,766,3448,0,0,3655,0,0,2911,0,0,818,0,0
767,767,2212,0,0,3481,0,0,1755,0,0,377,0,0
768,768,3536,0,0,4123,0,0,2861,0,0,630,0,0
769,769,2112,0,0,1971,0,0,1960,0,0,363,0,0
770,770,1672,0,0,1782,0,0,1574,0,0,417,0,0
771,771,2186,0,0,2729,0,0,1964,0,0,385,0,0
772,772,1889,0,0,2388,0,0,2079,0,0,580,0,0
773,773,2669,0,0,3130,0,0,2930,0,0,741,0,0
774,774,1990,0,0,2661,0,0,2149,0,0,510,0,0
775,775,3656,0,0,3913,0,0,3190,0,0,751,0,0
776,776,2743,0,0,3423,0,0,3320,0,0,821,0,0
777,777,1917,0,0,5564,0,0,1726,0,0,229,0,0
778,778,3777,0,0,5289,0,0,1849,0,0,285,0,0
779,779,2925,0,0,8715,0,0,2234,0,0,182,0,0
780,780,3789,0,0,7010,0,0,2252,0,0,364,0,0
781,781,3418,0,0,4825,0,0,1967,0,0,450,0,0
782,782,3142,0,0,5329,0,0,1929,0,0,320,0,0
783,783,2406,0,0,5482,0,0,1678,0,0,299,0,0
784,784,3019,0,0,3000,0,0,787,0,0,184,0,0
785,785,3137,0,0,4984,0,0,1955,0,0,387,0,0
786,786,2215,0,0,3060,0,0,1568,0,0,429,0,0
787,787,2557,0,0,3713,0,0,1684,0,0,343,0,0
788,788,3028,0,0,3610,0,0,1945,0,0,292,0,0
789,789,3026,0,0,5050,0,0,1911,0,0,347,0,0
790,790,3136,0,0,3147,0,0,1697,0,0,297,0,0
791,791,2317,0,0,3139,0,0,1488,0,0,249,0,0
792,792,2541,0,0,3971,0,0,2059,0,0,347,0,0
793,793,3475,0,0,3807,0,0,2165,0,0,394,0,0
794,794,3285,0,0,3979,0,0,1945,0,0,317,0,0
795,795,2806,0,0,4093,0,0,1970,0,0,353,0,0
796,796,3270,0,0,4870,0,0,2488,0,0,363,0,0
797,797,2740,0,0,3678,0,0,1900,0,0,299,0,0
798,798,3118,0,0,5710,0,0,2435,0,0,441,0,0
799,799,2414,0,0,4608,0,0,2043,0,0,348,0,0
800,800,2447,0,0,5207,0,0,1990,0,0,375,0,0
801,801,3110,0,0,4710,0,0,2417,0,0,560,0,0
802,802,3134,0,0,3828,0,0,1605,0,0,307,0,0
803,803,2396,0,0,5257,0,0,1897,0,0,424,0,0
804,804,2366,0,0,3499,0,0,1687,0,0,320,0,0
805,805,2468,0,0,3958,0,0,1856,0,0,353,0,0
806,806,3128,0,0,3435,0,0,2476,0,0,571,0,0
807,807,2739,0,0,4354,0,0,2190,0,0,405,0,0
808,808,2615,0,0,3297,0,0,2111,0,0,437,0,0
809,809,3081,0,0,3234,0,0,1900,0,0,403,0,0
810,810,3179,0,0,3481,0,0,2144,0,0,488,0,0
811,811,2306,0,0,2658,0,0,2426,0,0,547,0,0
812,812,2461,0,0,3573,0,0,1851,0,0,379,0,0
813,813,2790,0,0,3077,0,0,2056,0,0,450,0,0
814,814,3187,0,0,3991,0,0,2264,0,0,486,0,0
815,815,2207,0,0,2465,0,0,2120,0,0,641,0,0
816,816,2588,0,0,3093,0,0,2809,0,0,965,0,0
817,817,2584,0,0,2652,0,0,2236,0,0,570,0,0
818,818,2277,0,0,2960,0,0,2207,0,0,516,0,0
819,819,3318,0,0,3765,0,0,3102,0,0,718,0,0
820,820,2852,0,0,4408,0,0,2055,0,0,612,0,0
821,821,2355,0,0,3121,0,0,2017,0,0,503,0,0
822,822,2572,0,0,3112,0,0,1954,0,0,477,0,0
823,823,2130,0,0,2823,0,0,2097,0,0,513,0,0
824,824,2272,0,0,2452,0,0,2529,0,0,761,0,0
825,825,2640,0,0,3468,0,0,2492,0,0,586,0,0
826,826,2265,0,0,3849,0,0,1802,0,0,796,0,0
827,827,3040,0,0,3011,0,0,2014,0,0,414,0,0
828,828,2483,0,0,2836,0,0,2431,0,0,950,0,0
829,829,2308,0,0,3782,0,0,1857,0,0,572,0,0
830,830,2177,0,0,2224,0,0,2730,0,0,664,0,0
831,831,2033,0,0,2017,0,0,2266,0,0,531,0,0
832,832,3315,0,0,4671,0,0,1905,0,0,413,0,0
833,833,2916,0,0,3834,0,0,1364,0,0,288,0,0
834,834,3119,0,0,5262,0,0,2125,0,0,338,0,0
835,835,3566,0,0,7235,0,0,1613,0,0,278,0,0
836,836,2243,0,0,3923,0,0,986,0,0,221,0,0
837,837,1889,0,0,3139,0,0,1297,0,0,264,0,0
838,838,2287,0,0,3234,0,0,1165,0,0,238,0,0
839,839,4232,0,0,5348,0,0,1527,0,0,317,0,0
840,840,2694,0,0,4968,0,0,1184,0,0,223,0,0
841,841,5076,0,0,4304,0,0,1116,0,0,294,0,0
842,842,3083,0,0,3590,0,0,1174,0,0,188,0,0
843,843,5208,0,0,6358,0,0,1772,0,0,259,0,0
844,844,2589,0,0,4369,0,0,1028,0,0,150,0,0
845,845,4878,0,0,6047,0,0,1666,0,0,323,0,0
846,846,3707,0,0,6101,0,0,1588,0,0,342,0,0
847,847,3356,0,0,3886,0,0,1505,0,0,511,0,0
848,848,2332,0,0,3170,0,0,874,0,0,200,0,0
849,849,3623,0,0,3878,0,0,1405,0,0,243,0,0
850,850,3859,0,0,4704,0,0,1592,0,0,319,0,0
851,851,3531,0,0,3571,0,0,1545,0,0,320,0,0
852,852,4552,0,0,7045,0,0,1255,0,0,281,0,0
853,853,2793,0,0,3283,0,0,1313,0,0,349,0,0
854,854,2805,0,0,4684,0,0,1446,0,0,230,0,0
855,855,4272,0,0,5116,0,0,1518,0,0,278,0,0
856,856,3121,0,0,5477,0,0,1383,0,0,226,0,0
857,857,2454,0,0,4446,0,0,1385,0,0,200,0,0
858,858,1314,0,0,3587,0,0,1562,0,0,218,0,0
859,859,6034,0,0,11198,0,0,1854,0,0,288,0,0
860,860,2579,0,0,3807,0,0,1472,0,0,248,0,0
861,861,3340,0,0,6480,0,0,1720,0,0,237,0,0
862,862,2367,0,0,2401,0,0,2467,0,0,972,0,0
863,863,2355,0,0,3046,0,0,2778,0,0,912,0,0
864,864,2655,0,0,2848,0,0,2234,0,0,833,0,0
865,865,2404,0,0,2554,0,0,2369,0,0,664,0,0
866,866,2533,0,0,2945,0,0,2462,0,0,752,0,0
867,867,3006,0,0,2971,0,0,2269,0,0,562,0,0
868,868,3167,0,0,3643,0,0,2864,0,0,574,0,0
869,869,3396,0,0,3690,0,0,2146,0,0,493,0,0
870,870,3597,0,0,3771,0,0,2048,0,0,353,0,0
871,871,2930,0,0,3697,0,0,1979,0,0,325,0,0
872,872,3385,0,0,4578,0,0,1996,0,0,325,0,0
873,873,3164,0,0,4307,0,0,1721,0,0,359,0,0
874,874,4192,0,0,4539,0,0,1984,0,0,459,0,0
875,875,3940,0,0,6173,0,0,2052,0,0,376,0,0
876,876,2775,0,0,3869,0,0,1955,0,0,415,0,0
877,877,3169,0,0,5192,0,0,2077,0,0,427,0,0
878,878,3621,0,0,5450,0,0,2235,0,0,422,0,0
879,879,3196,0,0,3788,0,0,1823,0,0,526,0,0
880,880,2876,0,0,3938,0,0,1973,0,0,443,0,0
881,881,3836,0,0,4980,0,0,2070,0,0,451,0,0
882,882,2696,0,0,4359,0,0,1881,0,0,337,0,0
883,883,3259,0,0,4326,0,0,1845,0,0,323,0,0
884,884,3355,0,0,5130,0,0,1609,0,0,322,0,0
885,885,2926,0,0,4712,0,0,1847,0,0,323,0,0
886,886,2785,0,0,4942,0,0,1675,0,0,393,0,0
887,887,3294,0,0,4800,0,0,1923,0,0,310,0,0
888,888,3629,0,0,5022,0,0,2232,0,0,387,0,0
889,889,3645,0,0,4807,0,0,2153,0,0,364,0,0
890,890,1771,0,0,3797,0,0,1912,0,0,595,0,0
891,891,3824,0,0,7178,0,0,2339,0,0,412,0,0
892,892,2381,0,0,3527,0,0,1711,0,0,323,0,0
893,893,2566,0,0,5878,0,0,2029,0,0,439,0,0
894,894,1719,0,0,3861,0,0,1431,0,0,347,0,0
895,895,2239,0,0,3890,0,0,2020,0,0,405,0,0
896,896,2408,0,0,3318,0,0,1445,0,0,373,0,0
897,897,2499,0,0,6604,0,0,1349,0,0,289,0,0
898,898,2578,0,0,5350,0,0,1379,0,0,262,0,0
899,899,2664,0,0,6536,0,0,1962,0,0,339,0,0
900,900,2318,0,0,3997,0,0,2131,0,0,559,0,0
901,901,1830,0,0,6304,0,0,1483,0,0,280,0,0
902,902,3186,0,0,2370,0,0,1218,0,0,362,0,0
903,903,1876,0,0,5029,0,0,1712,0,0,535,0,0
904,904,2512,0,0,4091,0,0,1565,0,0,251,0,0
905,905,3564,0,0,4632,0,0,2197,0,0,741,0,0
906,906,2622,0,0,3534,0,0,1724,0,0,466,0,0
907,907,2241,0,0,4738,0,0,1354,0,0,319,0,0
908,908,2909,0,0,5176,0,0,1918,0,0,380,0,0
909,909,2784,0,0,4154,0,0,2232,0,0,428,0,0
910,910,2089,0,0,5077,0,0,1339,0,0,326,0,0
911,911,2201,0,0,3301,0,0,1403,0,0,302,0,0
912,912,3262,0,0,3129,0,0,1541,0,0,328,0,0
913,913,2048,0,0,4703,0,0,1493,0,0,270,0,0
914,914,2486,0,0,4565,0,0,1607,0,0,378,0,0
915,915,2214,0,0,5926,0,0,1403,0,0,376,0,0
916,916,2586,0,0,4999,0,0,2077,0,0,405,0,0
917,917,2117,0,0,3435,0,0,1649,0,0,334,0,0
918,918,1573,0,0,3433,0,0,1216,0,0,295,0,0
919,919,1620,0,0,2993,0,0,1216,0,0,284,0,0
920,920,2401,0,0,4171,0,0,1049,0,0,230,0,0
921,921,1717,0,0,3029,0,0,1165,0,0,320,0,0
922,922,1909,0,0,3010,0,0,1267,0,0,362,0,0
923,923,2625,0,0,4023,0,0,1201,0,0,302,0,0
924,924,2892,0,0,5882,0,0,1816,0,0,449,0,0
925,925,2769,0,0,3290,0,0,2091,0,0,497,0,0
926,926,2600,0,0,3816,0,0,1582,0,0,339,0,0
927,927,2393,0,0,3278,0,0,1899,0,0,746,0,0
928,928,3646,0,0,4521,0,0,2423,0,0,642,0,0
929,929,2716,0,0,4329,0,0,2414,0,0,847,0,0
930,930,3842,0,0,4072,0,0,2579,0,0,570,0,0
931,931,4079,0,0,6020,0,0,2959,0,0,585,0,0
932,932,2481,0,0,4980,0,0,1656,0,0,304,0,0
933,933,2870,0,0,5224,0,0,2575,0,0,567,0,0
934,934,2858,0,0,4676,0,0,1915,0,0,533,0,0
935,935,5561,0,0,5777,0,0,3605,0,0,971,0,0
936,936,3728,0,0,4257,0,0,2263,0,0,580,0,0
937,937,2624,0,0,5257,0,0,2563,0,0,605,0,0
938,938,2542,0,0,4577,0,0,2036,0,0,491,0,0
939,939,2717,0,0,5443,0,0,2188,0,0,434,0,0
940,940,2674,0,0,5848,0,0,2390,0,0,546,0,0
941,941,3052,0,0,4045,0,0,2148,0,0,547,0,0
942,942,2614,0,0,5583,0,0,1835,0,0,353,0,0
943,943,2723,0,0,5926,0,0,2072,0,0,478,0,0
944,944,1141,0,0,3329,0,0,2414,0,0,484,0,0
945,945,4074,0,0,3721,0,0,2841,0,0,707,0,0
946,946,2390,0,0,4509,0,0,2839,0,0,571,0,0
947,947,2668,0,0,4508,0,0,2754,0,0,734,0,0
948,948,2503,0,0,4908,0,0,2431,0,0,467,0,0
949,949,2602,0,0,3795,0,0,2321,0,0,557,0,0
950,950,2497,0,0,4199,0,0,2372,0,0,736,0,0
951,951,2375,0,0,2619,0,0,2272,0,0,695,0,0
952,952,2713,0,0,2861,0,0,1696,0,0,364,0,0
953,953,2614,0,0,2934,0,0,2056,0,0,557,0,0
954,954,1856,0,0,2280,0,0,1913,0,0,616,0,0
955,955,2545,0,0,2815,0,0,1834,0,0,334,0,0
956,956,2425,0,0,2932,0,0,2237,0,0,520,0,0
957,957,2671,0,0,2680,0,0,2014,0,0,321,0,0
958,958,1648,0,0,1597,0,0,2438,0,0,740,0,0
959,959,1842,0,0,3037,0,0,1689,0,0,289,0,0
960,960,2116,0,0,4140,0,0,1967,0,0,618,0,0
961,961,3902,0,0,3973,0,0,1953,0,0,390,0,0
962,962,3158,0,0,3346,0,0,1741,0,0,358,0,0
963,963,2447,0,0,2930,0,0,2161,0,0,498,0,0
964,964,2829,0,0,3613,0,0,2201,0,0,614,0,0
965,965,2493,0,0,3807,0,0,1601,0,0,203,0,0
966,966,4223,0,0,4167,0,0,2179,0,0,503,0,0
967,967,5249,0,0,5714,0,0,3045,0,0,496,0,0
968,968,4485,0,0,4280,0,0,1874,0,0,348,0,0
969,969,2734,0,0,3441,0,0,1631,0,0,236,0,0
970,970,2306,0,0,2509,0,0,2692,0,0,960,0,0
971,971,2931,0,0,6249,0,0,1199,0,0,191,0,0
972,972,1976,0,0,4941,0,0,1019,0,0,94,0,0
973,973,4060,0,0,4942,0,0,4158,0,0,1063,0,0
974,974,3276,0,0,4330,0,0,1457,0,0,245,0,0
975,975,3838,0,0,2962,0,0,1563,0,0,257,0,0
976,976,4265,0,0,5353,0,0,3158,0,0,917,0,0
977,977,4818,0,0,4595,0,0,3797,0,0,971,0,0
978,978,3193,0,0,3773,0,0,2411,0,0,766,0,0
979,979,4419,0,0,5968,0,0,1299,0,0,142,0,0
980,980,3887,0,0,6252,0,0,1630,0,0,357,0,0
981,981,2661,0,0,4589,0,0,1372,0,0,286,0,0
982,982,2716,0,0,4537,0,0,1922,0,0,532,0,0
